spot_id,x,y,X0,X1,X2,X3
0,0,0,0.29519543,0.59650487,0.102292635,0.00600709
1,1,0,0.2559845,0.7190587,0.023245212,0.0017116063
2,2,0,0.010036053,0.7690529,0.19982569,0.021085288
3,3,0,0.19242638,0.79859895,0.0009810983,0.007993579
4,4,0,0.0006303098,0.99445397,0.0016513425,0.0032643897
5,5,0,0.4403584,0.5493379,0.0027673768,0.0075363037
6,6,0,0.0008595313,0.9952147,0.0013514943,0.0025741884
7,7,0,0.0013028436,0.5498715,0.4412144,0.0076112454
8,8,0,0.00062952173,0.9885372,0.008228349,0.0026049367
9,9,0,0.004908846,0.988096,0.003978908,0.0030162998
10,10,0,0.025053337,0.9641604,0.005530406,0.0052557895
11,11,0,0.30268195,0.6910321,0.0007661669,0.0055197882
12,12,0,0.016326964,0.9777926,0.0035520266,0.002328442
13,13,0,0.0005035979,0.99512756,0.0019691887,0.0023996322
14,14,0,0.011818449,0.98433876,0.00052495004,0.0033177978
15,15,0,0.0011728727,0.63011605,0.36021245,0.0084986
16,16,0,0.00077350525,0.73563004,0.2586158,0.0049806368
17,17,0,0.007102626,0.9633509,0.0030141284,0.026532356
18,18,0,0.005571801,0.98952556,0.0022054415,0.0026971877
19,19,0,0.004200781,0.75453544,0.006919936,0.23434387
20,0,1,0.0024031838,0.9929744,0.0013043449,0.0033180383
21,1,1,0.36878353,0.5514335,0.07468653,0.0050964593
22,2,1,0.0015758179,0.96507084,0.029763568,0.003589789
23,3,1,0.06549896,0.6996185,0.2309326,0.0039499504
24,4,1,0.0021354859,0.92528826,0.069213375,0.0033628445
25,5,1,0.15949015,0.8335095,0.0012054805,0.0057948655
26,6,1,0.0022744287,0.66891277,0.11720718,0.21160565
27,7,1,0.0012503116,0.97784996,0.020173427,0.0007262911
28,8,1,0.0018660155,0.9561159,0.0030992853,0.03891876
29,9,1,0.006714328,0.45225736,0.5318486,0.009179696
30,10,1,0.0056621246,0.83365273,0.15294479,0.007740321
31,11,1,0.46547088,0.4293105,0.0995931,0.005625557
32,12,1,0.0035962875,0.5234175,0.009057139,0.46392906
33,13,1,0.2291746,0.7705495,0.00017762848,9.827058e-05
34,14,1,0.28846943,0.49687138,0.20936416,0.0052950173
35,15,1,0.006234839,0.97552323,0.0155734215,0.002668583
36,16,1,0.22601674,0.7711695,0.0005115626,0.0023022064
37,17,1,0.022228397,0.5381253,0.4356377,0.004008574
38,18,1,0.21598744,0.7835113,0.00045250397,4.8740894e-05
39,19,1,0.21718012,0.44112298,0.3357432,0.005953658
40,0,2,0.31964976,0.6667757,0.0046081664,0.008966293
41,1,2,0.00092386035,0.97038966,0.026349444,0.0023370937
42,2,2,0.0006339701,0.98980075,0.0066308626,0.0029343402
43,3,2,0.12577613,0.7923912,0.078267924,0.0035647214
44,4,2,0.0038811231,0.58816427,0.40213212,0.0058225626
45,5,2,0.0015318176,0.54255706,0.009231159,0.44667998
46,6,2,0.00096683914,0.9925362,0.0017254074,0.0047715367
47,7,2,0.13480093,0.8477258,0.006009212,0.011464043
48,8,2,0.0029750152,0.5486656,0.4415058,0.006853654
49,9,2,0.0019059291,0.7010957,0.28641108,0.01058733
50,10,2,0.26732606,0.717768,0.012592146,0.002313786
51,11,2,0.027550656,0.5585823,0.40605313,0.007813859
52,12,2,0.00094127853,0.9942068,0.0020750798,0.0027769518
53,13,2,0.0019200627,0.9643837,0.0030007346,0.030695524
54,14,2,0.0006213727,0.99233127,0.0015812058,0.005466143
55,15,2,0.0010455103,0.94357437,0.0013520932,0.054028038
56,16,2,0.0014695422,0.98688394,0.0032606854,0.008385917
57,17,2,0.01515469,0.97401947,0.006892875,0.003932921
58,18,2,0.0010817836,0.77954334,0.21639453,0.0029804124
59,19,2,0.0011503407,0.8820537,0.022303894,0.09449211
60,0,3,0.0011255651,0.96427965,0.0017551677,0.032839596
61,1,3,0.0011811754,0.9929202,0.0024218515,0.0034767461
62,2,3,0.15888324,0.82645404,0.0069845873,0.0076781097
63,3,3,0.0009564294,0.8757352,0.004052078,0.1192563
64,4,3,0.002626374,0.9796235,0.01583691,0.001913194
65,5,3,0.03449049,0.81904244,0.0018866758,0.14458035
66,6,3,0.061487213,0.6284667,0.0029659497,0.30708012
67,7,3,0.00095580664,0.9914346,0.0061013643,0.0015082915
68,8,3,0.0062620183,0.9216815,0.0108207045,0.061235685
69,9,3,0.009009433,0.46696222,0.4956413,0.028387107
70,10,3,0.0004517332,0.99572766,0.0016254465,0.002195237
71,11,3,0.003253889,0.675157,0.0041494067,0.31743965
72,12,3,0.13565405,0.8565432,0.0023998122,0.0054029613
73,13,3,0.00049380976,0.9918104,0.005756244,0.0019395744
74,14,3,0.26214,0.7283366,0.0062858853,0.0032375376
75,15,3,0.0029124313,0.8464318,0.0017737335,0.14888206
76,16,3,0.0007704586,0.99277323,0.0051286626,0.0013276697
77,17,3,0.0021210317,0.993457,0.0012428627,0.0031791031
78,18,3,0.00076800864,0.9939202,0.0008063566,0.0045053344
79,19,3,0.020219298,0.70576507,0.0043571703,0.26965845
80,0,4,0.0025484632,0.7189447,0.0054308656,0.27307597
81,1,4,0.0021531838,0.8812761,0.003591488,0.112979196
82,2,4,0.0009530764,0.9887445,0.004823275,0.0054791444
83,3,4,0.0014975611,0.91606224,0.011501703,0.07093852
84,4,4,0.18364611,0.7307034,0.076159224,0.009491316
85,5,4,0.002393319,0.7861481,0.0031024439,0.20835617
86,6,4,0.0050781774,0.9861255,0.0059257457,0.0028706181
87,7,4,0.20916791,0.6054923,0.17973134,0.005608485
88,8,4,0.0010636668,0.9179968,0.07726627,0.0036732985
89,9,4,0.0010792811,0.9889271,0.0075276773,0.0024658705
90,10,4,0.0016397486,0.89693326,0.099739075,0.0016879159
91,11,4,0.42248717,0.5705531,0.0016207288,0.00533901
92,12,4,0.0022983185,0.6345577,0.29223797,0.07090597
93,13,4,0.22695795,0.76133496,0.003793695,0.007913403
94,14,4,0.0012757406,0.96858907,0.008716241,0.021418912
95,15,4,0.0011699976,0.9869767,0.0038617954,0.007991431
96,16,4,0.0027008487,0.6399994,0.35626292,0.0010368327
97,17,4,0.0033838516,0.979349,0.015765447,0.00150178
98,18,4,0.04387655,0.7602589,0.0015758091,0.19428875
99,19,4,0.28925407,0.7103536,0.0003195532,7.276479e-05
100,0,5,0.0015393281,0.99134517,0.0033731763,0.0037423375
101,1,5,0.082600676,0.90726477,0.004372484,0.005762132
102,2,5,0.00030644453,0.98754996,0.010544263,0.0015992833
103,3,5,0.0238494,0.52379155,0.003885419,0.4484736
104,4,5,0.0011838768,0.9906185,0.006464438,0.0017332464
105,5,5,0.0016246993,0.9609259,0.03615414,0.0012953244
106,6,5,0.000897364,0.99478745,0.001192967,0.003122155
107,7,5,0.0028770696,0.68074495,0.0033603199,0.31301773
108,8,5,0.0011880882,0.99108773,0.0064845486,0.0012395928
109,9,5,0.13416414,0.8331364,0.023764616,0.0089348005
110,10,5,0.0019610513,0.79686755,0.1442491,0.05692236
111,11,5,0.038327824,0.9604941,0.00064925884,0.00052878587
112,12,5,0.0022161498,0.9868166,0.0015066065,0.0094606085
113,13,5,0.0051068887,0.98220956,0.010974254,0.0017092586
114,14,5,0.21401694,0.4988593,0.01905085,0.26807296
115,15,5,0.0010978186,0.7642522,0.0023619838,0.232288
116,16,5,0.005391122,0.9869741,0.0009161502,0.0067185634
117,17,5,0.00865238,0.9847462,0.0015188028,0.0050825467
118,18,5,0.0008361725,0.94463444,0.00388414,0.050645187
119,19,5,0.0045622434,0.6115498,0.0015581064,0.38232985
120,0,6,0.10126779,0.8880688,0.0066503063,0.0040132096
121,1,6,0.05938552,0.55351436,0.37891057,0.00818954
122,2,6,0.12936641,0.7458666,0.005385541,0.119381465
123,3,6,0.28618926,0.711303,0.0020510135,0.0004567561
124,4,6,0.0011158047,0.8763696,0.120372124,0.0021424706
125,5,6,0.004424453,0.5829736,0.0037338533,0.40886804
126,6,6,0.020284325,0.7075973,0.0029488874,0.26916948
127,7,6,0.010732338,0.98174715,0.00523264,0.0022879348
128,8,6,0.084274925,0.91011804,0.00414827,0.0014588463
129,9,6,0.4015067,0.5448025,0.0016634585,0.052027386
130,10,6,0.00094682,0.8532497,0.14212129,0.0036822387
131,11,6,0.005466956,0.8376964,0.0040882765,0.15274839
132,12,6,0.0008689694,0.99616724,0.00073137967,0.0022323835
133,13,6,0.0015167627,0.7442252,0.23988964,0.014368406
134,14,6,0.000585848,0.99127066,0.006085303,0.0020582634
135,15,6,0.005760805,0.9892915,0.0018024035,0.0031453068
136,16,6,0.0751403,0.9191159,0.0033658342,0.002377966
137,17,6,0.2337613,0.55558234,0.0041985833,0.20645772
138,18,6,0.0036732256,0.8582065,0.13420555,0.003914703
139,19,6,0.0019346605,0.617818,0.37331846,0.0069289072
140,0,7,0.002662602,0.9903114,0.00424633,0.002779738
141,1,7,0.0014506561,0.84122765,0.017020643,0.14030106
142,2,7,0.060013536,0.62271756,0.004825291,0.31244358
143,3,7,0.010336321,0.5123496,0.46160093,0.015713146
144,4,7,0.0005397465,0.99389017,0.0020357382,0.0035342611
145,5,7,0.2548946,0.7380946,0.0017871193,0.0052235373
146,6,7,0.011404523,0.6033637,0.004912269,0.38031945
147,7,7,0.011889391,0.96063745,0.022149362,0.00532381
148,8,7,0.003777137,0.4220945,0.008771373,0.565357
149,9,7,0.00082649407,0.9921198,0.0016708104,0.005382972
150,10,7,0.055665508,0.92847633,0.010759826,0.005098359
151,11,7,0.018908968,0.97091043,0.0073718843,0.002808655
152,12,7,0.17349832,0.8253003,0.00070235267,0.00049903436
153,13,7,0.0022880498,0.98982084,0.0011663339,0.0067248205
154,14,7,0.07981673,0.9190245,0.00079155643,0.00036707585
155,15,7,0.00051682297,0.9957735,0.0010022577,0.0027074742
156,16,7,0.00075353566,0.8920004,0.0027691023,0.10447693
157,17,7,0.0037023716,0.9408161,0.05157164,0.0039099324
158,18,7,0.0038454512,0.6530843,0.004288929,0.3387814
159,19,7,0.032825124,0.4456241,0.5150702,0.0064806174
160,0,8,0.50093347,0.49314818,0.0016717188,0.004246616
161,1,8,0.31468365,0.6711463,0.003961604,0.010208447
162,2,8,0.054559816,0.6919194,0.24774197,0.005778805
163,3,8,0.17034866,0.8202219,0.0067488924,0.002680489
164,4,8,0.19076143,0.7914859,0.0040275147,0.013725064
165,5,8,0.0044425745,0.98018026,0.011518085,0.0038591055
166,6,8,0.00054630695,0.9788265,0.016906211,0.003720945
167,7,8,0.296425,0.69287276,0.0034613602,0.007240823
168,8,8,0.07382016,0.9254955,0.00034928345,0.00033503163
169,9,8,0.38996553,0.608988,0.0009437674,0.00010271875
170,10,8,0.34120864,0.48278642,0.17176692,0.0042380514
171,11,8,0.0015747716,0.7235382,0.21374978,0.0611372
172,12,8,0.3891295,0.5985251,0.0006776288,0.011667812
173,13,8,0.5247113,0.43554893,0.036081214,0.0036585175
174,14,8,0.0037151007,0.9062532,0.08792272,0.0021089201
175,15,8,0.2894923,0.7003094,0.004611587,0.0055866977
176,16,8,0.002573637,0.7980911,0.0054522487,0.19388299
177,17,8,0.0028511658,0.6825472,0.31023297,0.004368689
178,18,8,0.030598136,0.5157324,0.0035046695,0.4501648
179,19,8,0.0056926073,0.57820714,0.28432176,0.13177854
180,0,9,0.004359238,0.8741734,0.1114896,0.009977786
181,1,9,0.00042158735,0.99203706,0.0017744905,0.005766839
182,2,9,0.028879313,0.94196117,0.027017402,0.0021420105
183,3,9,0.050844517,0.93871534,0.008427395,0.0020128062
184,4,9,0.0055131647,0.9811404,0.010000504,0.0033458527
185,5,9,0.0021225659,0.9880056,0.0033812607,0.00649059
186,6,9,0.040290695,0.95483464,0.0013338024,0.0035408956
187,7,9,0.0010350463,0.9838981,0.0128930425,0.0021738124
188,8,9,0.023098273,0.73871917,0.006727179,0.23145548
189,9,9,0.0068478915,0.3572251,0.34921792,0.2867092
190,10,9,0.054869946,0.93986475,0.0021698806,0.003095313
191,11,9,0.00040313907,0.99423355,0.0026103007,0.002753032
192,12,9,0.0068687918,0.9852443,0.0057599703,0.0021270022
193,13,9,0.18635723,0.7293115,0.08385522,0.00047604996
194,14,9,0.0012422195,0.973125,0.022484662,0.003148131
195,15,9,0.022387771,0.95976573,0.012262415,0.0055840136
196,16,9,0.005633477,0.6845226,0.3047355,0.005108365
197,17,9,0.13222136,0.5564489,0.20292757,0.10840223
198,18,9,0.00079406856,0.99487644,0.001812812,0.0025167107
199,19,9,0.014123338,0.7259905,0.00862308,0.2512631
200,0,10,0.010422133,0.0018775659,0.97946244,0.008237854
201,1,10,0.041022163,0.08237651,0.8507144,0.025886882
202,2,10,0.0075624483,0.015733391,0.9755195,0.0011847599
203,3,10,0.0138626,0.06174847,0.6895717,0.2348172
204,4,10,0.0033650384,0.21389307,0.7766321,0.0061097704
205,5,10,0.0040221973,0.35771003,0.2695753,0.3686925
206,6,10,0.050420914,0.19573534,0.644476,0.109367795
207,7,10,0.0047734305,0.003986044,0.8001852,0.19105537
208,8,10,0.03380741,0.009836723,0.94631964,0.010036247
209,9,10,0.0074534807,0.17705594,0.44131216,0.37417844
210,10,10,0.00504035,0.367709,0.6029303,0.024320256
211,11,10,0.004655021,0.15755102,0.48053482,0.35725906
212,12,10,0.008706964,0.029655766,0.6252171,0.3364202
213,13,10,0.0014898641,0.45515916,0.50144595,0.041905005
214,14,10,0.009782296,0.03315147,0.71824527,0.238821
215,15,10,0.0014760349,0.2805129,0.4148891,0.30312198
216,16,10,0.20376524,0.44565743,0.3436136,0.0069636498
217,17,10,0.27203488,0.011559696,0.5766412,0.13976428
218,18,10,0.021987619,0.050099663,0.45453683,0.47337595
219,19,10,0.44025487,0.0047537596,0.55042964,0.004561721
220,0,11,0.005237561,0.014172556,0.975154,0.005435941
221,1,11,0.0021390566,0.37041783,0.38041058,0.24703255
222,2,11,0.17943747,0.013068292,0.80521554,0.002278756
223,3,11,0.0063573723,0.016093912,0.96958053,0.007968108
224,4,11,0.0022873038,0.03188071,0.95901656,0.0068155015
225,5,11,0.0046426337,0.04097842,0.94836175,0.006017144
226,6,11,0.016697373,0.004930604,0.9746363,0.0037356955
227,7,11,0.002659098,0.26080248,0.69381183,0.042726655
228,8,11,0.004480448,0.3680455,0.6232613,0.0042127827
229,9,11,0.008585504,0.020658812,0.9509688,0.019786844
230,10,11,0.012564027,0.0010748585,0.7684983,0.21786274
231,11,11,0.006085361,0.015871609,0.97008294,0.007960066
232,12,11,0.16559733,0.0068946755,0.8220307,0.0054773223
233,13,11,0.004283408,0.4376857,0.5524466,0.0055843326
234,14,11,0.07033497,0.0027531255,0.9164447,0.010467174
235,15,11,0.026609764,0.39054936,0.5803159,0.002524965
236,16,11,0.01421827,0.012284878,0.9551487,0.018348107
237,17,11,0.0052246978,0.002345095,0.9870112,0.0054189404
238,18,11,0.004904249,0.033591993,0.95219713,0.009306682
239,19,11,0.011681984,0.008672881,0.9683736,0.011271586
240,0,12,0.00827359,0.34512568,0.6391833,0.0074174455
241,1,12,0.035635613,0.0061541093,0.9377356,0.020474596
242,2,12,0.46159545,0.01526418,0.45857227,0.06456811
243,3,12,0.016658945,0.0042709806,0.9437859,0.03528411
244,4,12,0.0037007234,0.009889705,0.95802176,0.02838787
245,5,12,0.030085294,0.0060212235,0.9515378,0.012355709
246,6,12,0.25361243,0.32279763,0.37789556,0.04569441
247,7,12,0.24840534,0.15255746,0.55977505,0.03926208
248,8,12,0.27626145,0.049042176,0.66458845,0.010107954
249,9,12,0.002346901,0.1536918,0.8316314,0.012329885
250,10,12,0.004173173,0.014885842,0.97698295,0.0039580036
251,11,12,0.007784111,0.36148596,0.62718576,0.0035441725
252,12,12,0.44470087,0.07326242,0.47717273,0.004864036
253,13,12,0.021990703,0.12619689,0.8401759,0.011636421
254,14,12,0.057894703,0.3232687,0.61523646,0.0036001257
255,15,12,0.0017561035,0.06747676,0.91434175,0.016425425
256,16,12,0.006766176,0.0006447804,0.98521763,0.007371448
257,17,12,0.6774762,0.17248413,0.14282176,0.007217837
258,18,12,0.029057447,0.00435554,0.6371288,0.32945833
259,19,12,0.0056626666,0.02450384,0.96122503,0.008608423
260,0,13,0.08155308,0.3341129,0.5778211,0.0065128547
261,1,13,0.0046949605,0.007900311,0.9812781,0.006126578
262,2,13,0.0046358095,0.069768384,0.921845,0.0037508234
263,3,13,0.0064386334,0.008876615,0.97887427,0.005810411
264,4,13,0.005703462,0.013722278,0.9763966,0.0041776034
265,5,13,0.006857273,0.34204888,0.6186154,0.032478433
266,6,13,0.04287396,0.19615339,0.7281243,0.032848332
267,7,13,0.004125427,0.011719701,0.9802319,0.003922994
268,8,13,0.0030517601,0.0015517423,0.9901376,0.0052589495
269,9,13,0.002596031,0.20119958,0.79496896,0.001235355
270,10,13,0.006517309,0.00086779275,0.987063,0.005551943
271,11,13,0.013269568,0.05094762,0.9271925,0.0085902875
272,12,13,0.0045071365,0.047441803,0.9442707,0.0037804304
273,13,13,0.004782407,0.068033464,0.35050827,0.5766759
274,14,13,0.006180243,0.016835963,0.9710675,0.0059164045
275,15,13,0.022270544,0.003874049,0.57513154,0.3987239
276,16,13,0.006799315,0.18169676,0.80861884,0.0028850592
277,17,13,0.02908512,0.02172394,0.9466931,0.0024978258
278,18,13,0.009657209,0.018980445,0.8401655,0.13119689
279,19,13,0.0045975577,0.18494913,0.7959497,0.014503618
280,0,14,0.3807155,0.015485832,0.59653956,0.0072591384
281,1,14,0.012867745,0.0043707523,0.66862434,0.3141371
282,2,14,0.01481375,0.00069026893,0.97566956,0.008826359
283,3,14,0.008992679,0.014041184,0.4684909,0.5084752
284,4,14,0.0037874975,0.34818414,0.39064553,0.25738287
285,5,14,0.1751343,0.36121947,0.43935782,0.024288455
286,6,14,0.010911059,0.0031289638,0.9784328,0.0075271796
287,7,14,0.3130012,0.03427077,0.64745814,0.00526997
288,8,14,0.34243387,0.036239788,0.61425036,0.0070760148
289,9,14,0.011870563,0.0069133514,0.9761535,0.005062614
290,10,14,0.023418924,0.002220301,0.97191906,0.0024417979
291,11,14,0.00566297,0.2498969,0.7425428,0.0018973559
292,12,14,0.59255767,0.022482969,0.28126773,0.103691615
293,13,14,0.012200307,0.012858459,0.90889466,0.06604656
294,14,14,0.0047484944,0.30502468,0.6769106,0.013316238
295,15,14,0.0027376576,0.16974369,0.8193966,0.008122016
296,16,14,0.004109098,0.0066369427,0.5563577,0.4328962
297,17,14,0.0023460186,0.33759677,0.6586641,0.0013931795
298,18,14,0.0033623616,0.013815182,0.98191696,0.000905465
299,19,14,0.038369667,0.025926856,0.6041277,0.33157575
300,0,15,0.0052701994,0.007275577,0.982799,0.0046552527
301,1,15,0.02030886,0.37723127,0.596479,0.0059808413
302,2,15,0.002537682,0.01221963,0.97282594,0.012416737
303,3,15,0.006230039,0.02442299,0.96174455,0.0076024733
304,4,15,0.0056174374,0.015258693,0.97274864,0.006375141
305,5,15,0.0029188534,0.019767493,0.9734821,0.003831623
306,6,15,0.33185336,0.0068286504,0.6547919,0.0065262076
307,7,15,0.0035094803,0.2793545,0.35608503,0.36105096
308,8,15,0.017047472,0.053909894,0.7783945,0.15064818
309,9,15,0.0027348476,0.33319858,0.66180706,0.0022595883
310,10,15,0.0034523536,0.33679888,0.29316458,0.36658424
311,11,15,0.4312161,0.0069697546,0.48546118,0.07635302
312,12,15,0.0046435823,0.33768114,0.65430045,0.0033748148
313,13,15,0.24014167,0.4313152,0.32400492,0.0045382427
314,14,15,0.007016654,0.016595287,0.9735874,0.002800647
315,15,15,0.0028878592,0.010514564,0.9857217,0.0008759313
316,16,15,0.39021927,0.025036002,0.4621801,0.12256468
317,17,15,0.0068875425,0.3383006,0.52160794,0.13320394
318,18,15,0.37000942,0.0075507686,0.3480368,0.27440298
319,19,15,0.010339125,0.04456414,0.943242,0.0018546649
320,0,16,0.0033090145,0.014972644,0.71551985,0.2661985
321,1,16,0.0034012587,0.010624216,0.66026175,0.3257128
322,2,16,0.001977676,0.1801899,0.788584,0.029248366
323,3,16,0.0022559136,0.027944088,0.9641828,0.0056171883
324,4,16,0.0036279098,0.11920052,0.8563288,0.020842781
325,5,16,0.0047876905,0.3921854,0.59508926,0.007937698
326,6,16,0.10812195,0.3379999,0.5514607,0.0024174477
327,7,16,0.4804785,0.037776776,0.4723262,0.00941847
328,8,16,0.00375592,0.12800053,0.65203345,0.21621008
329,9,16,0.0025320395,0.2899956,0.5987039,0.108768485
330,10,16,0.0064749103,0.009681345,0.97969556,0.004148193
331,11,16,0.0052965316,0.0019598065,0.51622856,0.47651508
332,12,16,0.0037889378,0.3391042,0.65071726,0.0063897003
333,13,16,0.015868705,0.08818253,0.8928288,0.0031199316
334,14,16,0.013915099,0.43076023,0.5234892,0.031835556
335,15,16,0.0017198125,0.5284895,0.4646974,0.0050933505
336,16,16,0.0088005345,0.014278236,0.9435322,0.03338911
337,17,16,0.014562265,0.03940899,0.6204521,0.3255767
338,18,16,0.0025239694,0.52289283,0.46090937,0.013673775
339,19,16,0.38354257,0.0062483023,0.33732292,0.27288622
340,0,17,0.007184632,0.0007902127,0.9487135,0.043311723
341,1,17,0.3008611,0.03563047,0.6579707,0.005537752
342,2,17,0.00669326,0.006030521,0.9839506,0.0033255443
343,3,17,0.011553834,0.364865,0.61827475,0.0053063584
344,4,17,0.0036480525,0.0052685905,0.9679804,0.023103075
345,5,17,0.011653021,0.04884312,0.91518366,0.024320265
346,6,17,0.1102036,0.3954363,0.48944223,0.0049179383
347,7,17,0.0047808033,0.014772214,0.9755712,0.0048757326
348,8,17,0.0067400257,0.075209364,0.9126555,0.0053951633
349,9,17,0.006848914,0.5340847,0.44425854,0.014807888
350,10,17,0.0043961955,0.07794486,0.904935,0.012723919
351,11,17,0.0076756943,0.00168154,0.8425472,0.1480956
352,12,17,0.00718199,0.0789246,0.8945316,0.019361826
353,13,17,0.43357196,0.018217685,0.48937833,0.058832016
354,14,17,0.004462946,0.09680042,0.8897784,0.008958202
355,15,17,0.004143931,0.0059893825,0.76067775,0.22918904
356,16,17,0.080478445,0.0011564989,0.73436964,0.1839954
357,17,17,0.010585672,0.021625735,0.5168978,0.4508908
358,18,17,0.47321007,0.007873066,0.5158868,0.0030301227
359,19,17,0.0101799695,0.008971464,0.617113,0.36373562
360,0,18,0.2295896,0.0060648727,0.750918,0.013427627
361,1,18,0.006168916,0.01980268,0.9184697,0.05555877
362,2,18,0.010216039,0.0051292814,0.97723114,0.007423489
363,3,18,0.38264656,0.02475856,0.5826351,0.009959721
364,4,18,0.0016555258,0.37020686,0.61959934,0.008538316
365,5,18,0.2525136,0.37154585,0.34944668,0.026493806
366,6,18,0.006611352,0.070006594,0.9223654,0.0010166451
367,7,18,0.15841025,0.35321897,0.47788718,0.010483577
368,8,18,0.028611286,0.024242187,0.9387659,0.008380692
369,9,18,0.0018832667,0.026787287,0.9642927,0.007036692
370,10,18,0.00817627,0.006322363,0.49271142,0.49278992
371,11,18,0.44830224,0.090529345,0.397588,0.06358045
372,12,18,0.04313159,0.016916858,0.44953212,0.4904195
373,13,18,0.2048349,0.29477713,0.4981677,0.0022202379
374,14,18,0.0048116078,0.0035015089,0.5579149,0.43377197
375,15,18,0.006461859,0.0122694615,0.96781397,0.013454666
376,16,18,0.19233267,0.09138626,0.7131884,0.0030926461
377,17,18,0.009872456,0.00020562076,0.9332544,0.056667503
378,18,18,0.2683348,0.22611232,0.5008103,0.0047425698
379,19,18,0.007706989,0.3434194,0.35398275,0.2948908
380,0,19,0.0038344443,0.21705018,0.7676803,0.011435124
381,1,19,0.005440797,0.3962944,0.59232914,0.0059357034
382,2,19,0.030286044,0.345007,0.39579296,0.228914
383,3,19,0.0046092113,0.19656214,0.7956268,0.0032017971
384,4,19,0.36136883,0.11369731,0.23843077,0.28650308
385,5,19,0.0024477465,0.0025342607,0.9899429,0.0050750854
386,6,19,0.08433954,0.07820364,0.8133071,0.024149727
387,7,19,0.0056256875,0.00084269064,0.9857043,0.007827294
388,8,19,0.00757393,0.042775568,0.5995868,0.35006374
389,9,19,0.09681344,0.41722822,0.47854573,0.0074126776
390,10,19,0.0042926427,0.029036418,0.9623591,0.0043117665
391,11,19,0.0019823934,0.26059076,0.7328428,0.004584093
392,12,19,0.046100717,0.010295662,0.8990782,0.04452553
393,13,19,0.04030673,0.020494537,0.5523982,0.38680053
394,14,19,0.05459016,0.005146644,0.9341454,0.006117757
395,15,19,0.0036831899,0.031843722,0.96079874,0.0036744152
396,16,19,0.007260782,0.01322768,0.96747077,0.012040764
397,17,19,0.001975995,0.001846656,0.9919818,0.004195463
398,18,19,0.13907318,0.11589627,0.7377461,0.007284397
399,19,19,0.0120521,0.41511557,0.55637115,0.016461143
400,0,20,0.6506158,0.2846727,0.05902772,0.0056837755
401,1,20,0.6373115,0.030572798,0.07117162,0.260944
402,2,20,0.7488085,0.0271213,0.2195209,0.004549387
403,3,20,0.5747898,0.25301483,0.0019408955,0.17025447
404,4,20,0.9889131,0.0059756343,0.0023671242,0.0027441934
405,5,20,0.9838912,0.010823881,0.0026238335,0.0026610764
406,6,20,0.95095825,0.022674095,0.023739055,0.0026286372
407,7,20,0.6082154,0.0048445393,0.38334325,0.0035968616
408,8,20,0.9733084,0.021160914,0.002231875,0.0032987648
409,9,20,0.9821702,0.012318699,0.0034100157,0.0021009387
410,10,20,0.98488533,0.009960858,0.0013211624,0.0038326697
411,11,20,0.8113457,0.007124157,0.0023744293,0.17915565
412,12,20,0.72475433,0.006073744,0.10720941,0.16196258
413,13,20,0.9850835,0.009247518,0.0035480561,0.0021209053
414,14,20,0.9199952,0.004157113,0.004074138,0.07177362
415,15,20,0.5181878,0.46005,0.014712964,0.0070491685
416,16,20,0.4288052,0.0032552842,0.002766518,0.565173
417,17,20,0.98700166,0.004562894,0.004140651,0.0042948076
418,18,20,0.7060613,0.02033617,0.26682746,0.0067750406
419,19,20,0.7148941,0.2645369,0.014789852,0.0057792105
420,0,21,0.7094569,0.19229524,0.0057462,0.09250166
421,1,21,0.8942965,0.06693942,0.009522715,0.029241337
422,2,21,0.5302121,0.0044359197,0.005838588,0.4595134
423,3,21,0.9768371,0.018305462,0.0018750638,0.0029823938
424,4,21,0.91884106,0.07400579,0.004123312,0.0030298887
425,5,21,0.978889,0.015657691,0.0027853737,0.0026679803
426,6,21,0.49612856,0.01688704,0.48520127,0.0017831378
427,7,21,0.98571223,0.007704884,0.0028957755,0.0036870749
428,8,21,0.98499584,0.007367055,0.0041894168,0.0034475767
429,9,21,0.536329,0.21350409,0.012231962,0.23793495
430,10,21,0.45615476,0.005593814,0.0035322246,0.5347192
431,11,21,0.98196125,0.011695554,0.002171949,0.0041713472
432,12,21,0.9909904,0.0033837128,0.002858083,0.0027678043
433,13,21,0.9608068,0.033799913,0.002221676,0.003171654
434,14,21,0.94786006,0.047157377,0.0021749444,0.0028076505
435,15,21,0.75626886,0.058235522,0.01714967,0.16834602
436,16,21,0.98710024,0.007135938,0.0016761422,0.004087727
437,17,21,0.53978866,0.034134366,0.16177277,0.26430422
438,18,21,0.7444432,0.021320427,0.0061163465,0.22812006
439,19,21,0.98703486,0.0065332158,0.0017474449,0.0046845335
440,0,22,0.9818247,0.009728407,0.0022429621,0.0062039173
441,1,22,0.51451856,0.04007386,0.44093838,0.004469198
442,2,22,0.42644516,0.022159733,0.36279112,0.18860401
443,3,22,0.5776986,0.019302687,0.3956423,0.0073564355
444,4,22,0.49867523,0.38412175,0.10973291,0.0074700336
445,5,22,0.97948074,0.010764839,0.0022467333,0.0075076474
446,6,22,0.5048452,0.48817152,0.0016017116,0.0053815986
447,7,22,0.9764565,0.015351081,0.0051350044,0.0030573688
448,8,22,0.57837,0.058476068,0.36062068,0.0025333487
449,9,22,0.43519387,0.01188162,0.0049937475,0.5479308
450,10,22,0.8488534,0.14301327,0.002457682,0.005675561
451,11,22,0.4997648,0.3519727,0.0030345963,0.14522791
452,12,22,0.6386655,0.02099875,0.012883173,0.32745257
453,13,22,0.9738193,0.0053185513,0.007915576,0.012946538
454,14,22,0.9256889,0.055480402,0.0024716908,0.016358893
455,15,22,0.53129846,0.14332752,0.008431086,0.316943
456,16,22,0.71544015,0.0044597443,0.27612382,0.003976282
457,17,22,0.9837817,0.010763661,0.0019963628,0.0034583288
458,18,22,0.5361613,0.020559544,0.0029578228,0.44032133
459,19,22,0.74069756,0.2548198,0.0011957102,0.0032868627
460,0,23,0.9850795,0.007869652,0.003843221,0.0032075765
461,1,23,0.9701526,0.02329935,0.0011561908,0.0053918646
462,2,23,0.91937464,0.075808644,0.0030615074,0.0017552313
463,3,23,0.6071544,0.0040231887,0.06956039,0.31926206
464,4,23,0.5359272,0.018046785,0.0037211077,0.44230485
465,5,23,0.51766074,0.032129955,0.0027955663,0.4474138
466,6,23,0.75296754,0.025966877,0.005594915,0.21547072
467,7,23,0.7722931,0.0025897035,0.22167619,0.0034409543
468,8,23,0.81001806,0.0092510935,0.0043077623,0.17642301
469,9,23,0.7446469,0.026693959,0.0051648403,0.22349432
470,10,23,0.9085142,0.08687654,0.00077527866,0.0038340336
471,11,23,0.81718165,0.0047286856,0.004540571,0.17354916
472,12,23,0.59600216,0.39578834,0.0014580673,0.0067514447
473,13,23,0.67756116,0.01320719,0.012979888,0.29625174
474,14,23,0.7132597,0.06336066,0.004301149,0.21907847
475,15,23,0.6197444,0.009797839,0.004397312,0.36606047
476,16,23,0.46106586,0.32237166,0.0036725297,0.21288987
477,17,23,0.98659235,0.0066033457,0.004466899,0.0023374786
478,18,23,0.98180145,0.012951822,0.0034784104,0.0017682665
479,19,23,0.5835977,0.0046464168,0.06649677,0.34525907
480,0,24,0.29894677,0.26386967,0.0044527426,0.43273085
481,1,24,0.6792539,0.015645403,0.07856862,0.22653212
482,2,24,0.6595129,0.10213746,0.113393046,0.1249566
483,3,24,0.9529844,0.04293276,0.00072368525,0.0033591676
484,4,24,0.9750435,0.018176265,0.0043833167,0.0023969875
485,5,24,0.48034742,0.09426896,0.0073913587,0.41799223
486,6,24,0.6793134,0.3162505,0.0017523231,0.0026837261
487,7,24,0.98949873,0.005484498,0.0034740283,0.0015427328
488,8,24,0.98151934,0.011348396,0.001121044,0.0060111843
489,9,24,0.9654425,0.02755426,0.0040198807,0.0029833603
490,10,24,0.83798444,0.020072345,0.13295992,0.008983228
491,11,24,0.690609,0.006627731,0.0034750777,0.29928818
492,12,24,0.9850037,0.00966021,0.0022506192,0.003085393
493,13,24,0.57082754,0.0137623595,0.40984255,0.005567459
494,14,24,0.9166463,0.0043893615,0.03314261,0.04582164
495,15,24,0.8135308,0.015444182,0.16861348,0.0024115487
496,16,24,0.5204474,0.24630648,0.0073824325,0.2258637
497,17,24,0.6019782,0.090789616,0.3006332,0.0065990207
498,18,24,0.97347397,0.018368121,0.0036595971,0.0044984072
499,19,24,0.9533548,0.033667758,0.009374499,0.0036028537
500,0,25,0.6368753,0.059737604,0.2984035,0.004983645
501,1,25,0.8131991,0.0549714,0.12537965,0.006449885
502,2,25,0.9257875,0.020716209,0.047734305,0.005761976
503,3,25,0.6459024,0.34159315,0.0046904255,0.007813984
504,4,25,0.9401867,0.052083563,0.0027176198,0.005012201
505,5,25,0.9609654,0.0340844,0.0031745837,0.0017756163
506,6,25,0.507262,0.029838407,0.4400163,0.022883307
507,7,25,0.6757456,0.022078853,0.009635211,0.2925403
508,8,25,0.3311166,0.437676,0.0023218133,0.22888555
509,9,25,0.689978,0.023497593,0.0047645974,0.28175983
510,10,25,0.97828007,0.012425397,0.005231851,0.0040627485
511,11,25,0.9822573,0.0036741113,0.010250033,0.0038185553
512,12,25,0.9030139,0.0057770093,0.0059698294,0.08523933
513,13,25,0.95122534,0.041225467,0.0020162882,0.0055329683
514,14,25,0.98448783,0.005325388,0.005492472,0.0046943035
515,15,25,0.7673327,0.2273694,0.0022332687,0.003064734
516,16,25,0.97268426,0.023743104,0.0013559022,0.0022166877
517,17,25,0.9871559,0.0062964144,0.00402744,0.0025202327
518,18,25,0.62407815,0.36487195,0.0056979074,0.0053520123
519,19,25,0.72835284,0.25603372,0.013236268,0.0023771573
520,0,26,0.5231063,0.008358942,0.46438125,0.0041535464
521,1,26,0.68438774,0.30959776,0.002431321,0.003583151
522,2,26,0.9686511,0.02664584,0.0014975208,0.003205447
523,3,26,0.8000834,0.0027974872,0.0046372022,0.19248183
524,4,26,0.99294806,0.0021519836,0.0022920214,0.0026079875
525,5,26,0.6046836,0.02881299,0.36009628,0.006407101
526,6,26,0.9525083,0.04038095,0.000875218,0.006235568
527,7,26,0.79736406,0.1911834,0.008421562,0.0030309784
528,8,26,0.6539438,0.06479574,0.0010209309,0.2802396
529,9,26,0.7892955,0.027653646,0.18019955,0.0028513472
530,10,26,0.8232004,0.052207865,0.12053735,0.0040544597
531,11,26,0.61029893,0.3829313,0.0014275241,0.0053423
532,12,26,0.51791567,0.46917075,0.0031864461,0.0097271595
533,13,26,0.63296753,0.26532465,0.09978463,0.0019231908
534,14,26,0.7683789,0.06446852,0.0014721461,0.16568041
535,15,26,0.97324026,0.022260869,0.0009632937,0.003535508
536,16,26,0.35733554,0.2632027,0.372937,0.006524787
537,17,26,0.6455391,0.024943221,0.32180148,0.0077161733
538,18,26,0.9779564,0.016002044,0.0023741485,0.0036673888
539,19,26,0.7497143,0.24364363,0.00336483,0.003277276
540,0,27,0.5227457,0.017215643,0.0030909295,0.4569477
541,1,27,0.7056359,0.18942311,0.08817694,0.016763981
542,2,27,0.56729907,0.0030475527,0.40624148,0.023411874
543,3,27,0.5534835,0.0032242003,0.0029488083,0.44034353
544,4,27,0.7365828,0.24984013,0.002634575,0.010942466
545,5,27,0.96329755,0.0040422366,0.028567418,0.004092878
546,6,27,0.4049138,0.003613296,0.12039487,0.47107804
547,7,27,0.91034967,0.009009639,0.07766456,0.0029761707
548,8,27,0.6299424,0.071089394,0.29550412,0.0034641002
549,9,27,0.48657972,0.29739368,0.18402627,0.03200035
550,10,27,0.75659335,0.23841101,0.0029874444,0.002008127
551,11,27,0.6840833,0.027090775,0.28194317,0.0068827067
552,12,27,0.64349824,0.010239016,0.3343793,0.011883528
553,13,27,0.73043054,0.07324978,0.19083245,0.0054871123
554,14,27,0.942812,0.0073912735,0.003343402,0.04645322
555,15,27,0.6616398,0.027030794,0.20103548,0.11029394
556,16,27,0.30468026,0.43344328,0.005492148,0.25638428
557,17,27,0.6220661,0.36792278,0.007103113,0.0029080713
558,18,27,0.94493556,0.051681306,0.0016718509,0.0017111852
559,19,27,0.7980668,0.19382367,0.0032224122,0.0048871245
560,0,28,0.7698697,0.014882087,0.0041673565,0.21108083
561,1,28,0.29297194,0.2581105,0.14044107,0.30847642
562,2,28,0.6052802,0.15077524,0.093769535,0.15017502
563,3,28,0.93702775,0.055484027,0.0021138096,0.005374392
564,4,28,0.66432875,0.30046278,0.032238185,0.0029702233
565,5,28,0.8439269,0.015144505,0.13691784,0.004010807
566,6,28,0.56926817,0.34151432,0.08506905,0.004148467
567,7,28,0.6170242,0.29428574,0.08659082,0.0020992248
568,8,28,0.4878996,0.056011762,0.44683433,0.009254376
569,9,28,0.6644473,0.017522275,0.21671034,0.101320095
570,10,28,0.75249475,0.23533481,0.00488404,0.0072863656
571,11,28,0.36572647,0.62275267,0.0054535186,0.006067324
572,12,28,0.7694909,0.012114378,0.0036110915,0.21478368
573,13,28,0.9633934,0.030476438,0.0020649885,0.004065112
574,14,28,0.7726998,0.02168404,0.20266801,0.0029481403
575,15,28,0.87721145,0.023325045,0.097405024,0.002058445
576,16,28,0.54693377,0.024059981,0.42720962,0.0017966296
577,17,28,0.74504143,0.051780663,0.19060108,0.012576826
578,18,28,0.73595697,0.25152472,0.010332165,0.0021862455
579,19,28,0.98178387,0.013704579,0.0011839134,0.0033275252
580,0,29,0.9624787,0.011084465,0.0026733696,0.023763537
581,1,29,0.7447463,0.048940465,0.20210728,0.0042059952
582,2,29,0.9473421,0.024771158,0.025428627,0.0024581088
583,3,29,0.70965266,0.014501889,0.00397075,0.2718748
584,4,29,0.5089196,0.009272049,0.025750656,0.45605773
585,5,29,0.69233125,0.278409,0.005143335,0.024116466
586,6,29,0.7913334,0.020513684,0.004776223,0.1833767
587,7,29,0.5494438,0.34629002,0.0019349708,0.102331236
588,8,29,0.58655834,0.03436208,0.37729117,0.0017884198
589,9,29,0.9850389,0.006193989,0.002865495,0.005901579
590,10,29,0.40958124,0.00475933,0.15562989,0.4300295
591,11,29,0.5574884,0.008255082,0.0025564015,0.43170005
592,12,29,0.9827088,0.010657822,0.0035094456,0.003123961
593,13,29,0.6352307,0.35392138,0.0064934725,0.0043544164
594,14,29,0.9614296,0.02413502,0.011136686,0.003298667
595,15,29,0.5407831,0.31271186,0.032398928,0.11410612
596,16,29,0.5947165,0.37643996,0.024474453,0.004369072
597,17,29,0.9858235,0.009901544,0.0023138854,0.0019610582
598,18,29,0.9755341,0.0084150685,0.013193337,0.0028575072
599,19,29,0.97369283,0.013621884,0.002380407,0.010304847
600,0,30,0.013598602,0.40842885,0.005616959,0.5723556
601,1,30,0.010605236,0.1552747,0.0054868143,0.82863325
602,2,30,0.0030773955,0.4658883,0.005002376,0.5260319
603,3,30,0.00497664,0.015714807,0.0071239406,0.97218466
604,4,30,0.010738468,0.0028340134,0.05525982,0.93116766
605,5,30,0.01733401,0.0107627725,0.001995962,0.96990716
606,6,30,0.0044125924,0.1939117,0.015040397,0.7866353
607,7,30,0.039402336,0.10528966,0.45104107,0.40426692
608,8,30,0.3387781,0.31423125,0.0015618852,0.34542876
609,9,30,0.005624357,0.14058667,0.0021842897,0.8516047
610,10,30,0.009477958,0.003640098,0.36898524,0.61789674
611,11,30,0.0039063054,0.006500815,0.002737491,0.9868553
612,12,30,0.0039010525,0.005725449,0.530094,0.4602795
613,13,30,0.0055582104,0.00986203,0.006544995,0.97803473
614,14,30,0.27470857,0.019048456,0.085979044,0.62026393
615,15,30,0.009216062,0.008450708,0.0872936,0.89503956
616,16,30,0.006612528,0.008044803,0.01709977,0.96824294
617,17,30,0.0075340997,0.0024554904,0.004362929,0.98564744
618,18,30,0.0099007,0.016542599,0.15358485,0.81997186
619,19,30,0.4234069,0.004959238,0.12834929,0.4432846
620,0,31,0.34991053,0.014219772,0.0073389052,0.6285308
621,1,31,0.042826038,0.00087177777,0.0036670235,0.95263517
622,2,31,0.004972159,0.3082328,0.0027859437,0.68400913
623,3,31,0.0030676161,0.10197657,0.0029464548,0.8920094
624,4,31,0.004421808,0.4404901,0.20240022,0.35268793
625,5,31,0.011769727,0.0060524726,0.0043398533,0.97783786
626,6,31,0.0026773473,0.23617847,0.0035820992,0.75756204
627,7,31,0.056645595,0.48988423,0.001814815,0.45165533
628,8,31,0.15773429,0.09681404,0.0038054101,0.74164623
629,9,31,0.0046229227,0.024387227,0.0032830392,0.9677068
630,10,31,0.30723366,0.0106652845,0.16686788,0.51523316
631,11,31,0.009537239,0.005724974,0.18356635,0.8011714
632,12,31,0.002617206,0.011330795,0.001785427,0.9842666
633,13,31,0.003547622,0.002034792,0.0056562414,0.98876137
634,14,31,0.004156688,0.35397607,0.0018560789,0.6400112
635,15,31,0.0014789352,0.0009530637,0.0032539335,0.9943141
636,16,31,0.008639202,0.2572829,0.0016553482,0.73242253
637,17,31,0.0060788835,0.01936629,0.007615174,0.96693957
638,18,31,0.0067546144,0.12453267,0.006644774,0.86206794
639,19,31,0.0040643546,0.3932489,0.002563141,0.6001236
640,0,32,0.03641999,0.08826307,0.14973982,0.7255772
641,1,32,0.0022048184,0.2900499,0.005492317,0.702253
642,2,32,0.029610345,0.022274157,0.004614287,0.94350123
643,3,32,0.0036826553,0.39862654,0.00916341,0.5885274
644,4,32,0.46562028,0.013262947,0.0031151301,0.5180017
645,5,32,0.005306201,0.024379898,0.07941655,0.89089733
646,6,32,0.025425658,0.011906736,0.164734,0.79793364
647,7,32,0.0018774162,0.28416297,0.0062758434,0.7076837
648,8,32,0.009609794,0.33850622,0.18977703,0.46210694
649,9,32,0.0028828168,0.43352938,0.012481914,0.55110586
650,10,32,0.14433779,0.044510014,0.008585965,0.8025662
651,11,32,0.0018935291,0.16015173,0.0046189525,0.8333357
652,12,32,0.008056359,0.0018610702,0.0067155375,0.98336697
653,13,32,0.010992759,0.0004357514,0.0028731397,0.9856984
654,14,32,0.014346191,0.11522444,0.022190364,0.848239
655,15,32,0.005681903,0.011912939,0.0039373967,0.9784678
656,16,32,0.0043609054,0.0011090494,0.0018372918,0.9926927
657,17,32,0.0062226,0.04149535,0.46836925,0.4839128
658,18,32,0.0025909801,0.03594921,0.36056772,0.6008921
659,19,32,0.23801814,0.0016293179,0.21335323,0.54699934
660,0,33,0.007796387,0.010231799,0.004942519,0.9770294
661,1,33,0.01122562,0.14688721,0.01553103,0.8263561
662,2,33,0.022926297,0.011731167,0.005901728,0.9594408
663,3,33,0.017721316,0.12156832,0.0052344184,0.85547596
664,4,33,0.004061844,0.20897646,0.033483192,0.7534786
665,5,33,0.36183727,0.19405562,0.0026651353,0.44144198
666,6,33,0.0016779924,0.009759848,0.0035022746,0.98506
667,7,33,0.013472636,0.022574559,0.40526178,0.5586911
668,8,33,0.0027009475,0.003793628,0.0064580212,0.98704743
669,9,33,0.011647148,0.091105826,0.005551573,0.89169544
670,10,33,0.0022030734,0.0004607452,0.0028555891,0.9944806
671,11,33,0.012144176,0.0045466735,0.30374852,0.6795606
672,12,33,0.0068461313,0.33676454,0.0055381283,0.6508512
673,13,33,0.015694385,0.26208398,0.024327898,0.6978937
674,14,33,0.011799934,0.027955359,0.003499699,0.95674497
675,15,33,0.0024831905,0.448781,0.0023936783,0.54634213
676,16,33,0.010421369,0.46887848,0.08430397,0.43639618
677,17,33,0.01066586,0.009396691,0.22451146,0.75542605
678,18,33,0.004931629,0.4795134,0.0031357375,0.5124192
679,19,33,0.3321294,0.07302026,0.0042071985,0.59064317
680,0,34,0.004947652,0.019183787,0.051116325,0.92475224
681,1,34,0.006193302,0.011866692,0.49534038,0.48659962
682,2,34,0.014777198,0.045102227,0.0056084045,0.93451226
683,3,34,0.0024639352,0.193351,0.0021835293,0.80200154
684,4,34,0.010517833,0.00930098,0.0052967416,0.9748845
685,5,34,0.0041995943,0.464795,0.0016067623,0.5293986
686,6,34,0.005273923,0.08760429,0.004194885,0.9029269
687,7,34,0.004238505,0.0055953227,0.0037938678,0.9863724
688,8,34,0.0028776126,0.28535017,0.004681426,0.70709074
689,9,34,0.04457862,0.1423252,0.37412283,0.4389734
690,10,34,0.0065119443,0.017418765,0.0028204345,0.97324896
691,11,34,0.06183186,0.01091149,0.108117506,0.8191391
692,12,34,0.0037642263,0.0005935696,0.0020176005,0.99362457
693,13,34,0.018843338,0.08078476,0.0030746737,0.89729726
694,14,34,0.0057556042,0.005232018,0.0040491405,0.98496324
695,15,34,0.019353705,0.31152853,0.0068352907,0.66228247
696,16,34,0.0074297995,0.20952629,0.19473171,0.5883122
697,17,34,0.0013691294,0.3919214,0.0020209185,0.6046886
698,18,34,0.0051419535,0.0076718116,0.006647205,0.9805391
699,19,34,0.042498477,0.009387762,0.0050474275,0.9430664
700,0,35,0.00701651,0.30092978,0.11723603,0.57481766
701,1,35,0.040761292,0.00078596757,0.0038758025,0.9545769
702,2,35,0.019557636,0.19937186,0.005964045,0.77510643
703,3,35,0.2613127,0.056225736,0.022978064,0.65948355
704,4,35,0.003564655,0.0017979287,0.25672984,0.7379076
705,5,35,0.11324187,0.006748772,0.22426534,0.65574396
706,6,35,0.004462502,0.049162813,0.0037652182,0.9426095
707,7,35,0.03249237,0.01225496,0.42711014,0.5281426
708,8,35,0.010404915,0.017861575,0.47805682,0.49367672
709,9,35,0.33909893,0.019096874,0.0028499677,0.6389542
710,10,35,0.014286576,0.07269097,0.004275352,0.9087472
711,11,35,0.0078118676,0.012517997,0.10665525,0.87301487
712,12,35,0.008324835,0.31241748,0.0030881201,0.6761695
713,13,35,0.011593069,0.00053120864,0.005256163,0.9826195
714,14,35,0.0041272296,0.00087389577,0.002184978,0.9928139
715,15,35,0.015426695,0.22252089,0.04255464,0.7194978
716,16,35,0.0047943546,0.07216272,0.011562077,0.91148084
717,17,35,0.35994637,0.0059832633,0.015872011,0.6181983
718,18,35,0.19606748,0.012806065,0.0037130062,0.7874134
719,19,35,0.0084516,0.003702636,0.0013797042,0.9864661
720,0,36,0.38456514,0.07036557,0.0047562644,0.540313
721,1,36,0.0033728785,0.047917027,0.1968731,0.751837
722,2,36,0.00539708,0.49357477,0.0069656796,0.49406242
723,3,36,0.30434805,0.0030019921,0.25080305,0.44184688
724,4,36,0.001748087,0.34300643,0.002359993,0.6528855
725,5,36,0.0045094523,0.14119029,0.0024883572,0.85181195
726,6,36,0.044726375,0.0014869717,0.003641907,0.9501448
727,7,36,0.02238668,0.070417695,0.091068216,0.8161274
728,8,36,0.007724887,0.00550045,0.060044054,0.92673063
729,9,36,0.014840379,0.36459634,0.006412158,0.61415106
730,10,36,0.0065630553,0.007878021,0.35256562,0.6329933
731,11,36,0.011514603,0.003164095,0.31058016,0.67474115
732,12,36,0.3449326,0.012832562,0.0031846487,0.6390502
733,13,36,0.016839763,0.007253516,0.0043621287,0.9715447
734,14,36,0.002597766,0.37778217,0.0030470486,0.616573
735,15,36,0.0026932165,0.27722842,0.10603971,0.6140387
736,16,36,0.022124385,0.0035627445,0.0046029403,0.96971
737,17,36,0.54955286,0.0064299684,0.0035053608,0.44051176
738,18,36,0.031184202,0.16496909,0.0656066,0.73824006
739,19,36,0.002136724,0.0044805626,0.0028760773,0.9905067
740,0,37,0.0019189469,0.035510663,0.002164915,0.96040547
741,1,37,0.0047254865,0.34836888,0.2962369,0.35066873
742,2,37,0.05632838,0.005219976,0.004479797,0.9339718
743,3,37,0.17708918,0.353348,0.0009446794,0.46861815
744,4,37,0.108336866,0.010316211,0.013150942,0.868196
745,5,37,0.0026463051,0.21067762,0.31611988,0.47055614
746,6,37,0.21777175,0.3057863,0.036133517,0.44030833
747,7,37,0.29131114,0.13715495,0.006008293,0.56552553
748,8,37,0.0020424398,0.2961801,0.001862472,0.699915
749,9,37,0.0022330643,0.0023574973,0.0010914102,0.99431807
750,10,37,0.0070497342,0.0389718,0.3277318,0.6262467
751,11,37,0.004539813,0.0012794028,0.004919846,0.9892609
752,12,37,0.003843998,0.34961855,0.06454728,0.5819901
753,13,37,0.012055755,0.038989604,0.017316377,0.9316383
754,14,37,0.00285238,0.028903775,0.018612146,0.94963163
755,15,37,0.015323185,0.014218505,0.0034529783,0.9670054
756,16,37,0.005571493,0.00068736647,0.0020314523,0.99170977
757,17,37,0.027451338,0.052182265,0.009521146,0.9108453
758,18,37,0.005451857,0.0020551914,0.0019842014,0.9905088
759,19,37,0.0030364958,0.0232893,0.0019200286,0.9717542
760,0,38,0.31875026,0.005982596,0.0024054237,0.67286175
761,1,38,0.042922374,0.007321636,0.007964777,0.94179124
762,2,38,0.0044041895,0.27262172,0.004621515,0.71835256
763,3,38,0.38889235,0.006372094,0.0033847701,0.6013508
764,4,38,0.025974905,0.008029787,0.33608395,0.62991136
765,5,38,0.0047419225,0.19737314,0.0057281586,0.79215676
766,6,38,0.0044531273,0.012939594,0.28486833,0.69773895
767,7,38,0.004724403,0.06979115,0.2854755,0.6400089
768,8,38,0.0021439665,0.005127441,0.0032736822,0.9894549
769,9,38,0.3530238,0.072452076,0.004053969,0.57047015
770,10,38,0.0054753013,0.051685672,0.003381089,0.93945795
771,11,38,0.0073546087,0.1542283,0.04796671,0.7904504
772,12,38,0.35712594,0.2841209,0.0032599587,0.3554932
773,13,38,0.0034818922,0.0015240039,0.0015464815,0.9934476
774,14,38,0.0040235994,0.004452468,0.14283879,0.8486852
775,15,38,0.0024345347,0.029141583,0.3077485,0.66067547
776,16,38,0.002674243,0.009764852,0.0056677954,0.98189306
777,17,38,0.45977557,0.020050315,0.0017978047,0.51837623
778,18,38,0.11815481,0.011600051,0.0036021094,0.866643
779,19,38,0.019614285,0.0439161,0.0039860243,0.93248355
780,0,39,0.002613897,0.39871186,0.09627928,0.502395
781,1,39,0.31007466,0.32179332,0.005318558,0.3628135
782,2,39,0.004257756,0.012285197,0.004178827,0.9792782
783,3,39,0.014092074,0.00067170715,0.0019166151,0.9833196
784,4,39,0.0027853749,0.42516834,0.06393994,0.50810635
785,5,39,0.024129454,0.3921096,0.005466704,0.5782943
786,6,39,0.002372421,0.022924572,0.004688065,0.970015
787,7,39,0.21150698,0.09610639,0.18894263,0.50344396
788,8,39,0.003754861,0.04476951,0.4346555,0.5168201
789,9,39,0.012539341,0.0045717405,0.0020314448,0.9808575
790,10,39,0.0065991473,0.012498129,0.021386042,0.95951676
791,11,39,0.051988453,0.109569065,0.004204149,0.8342383
792,12,39,0.0015008327,0.011709692,0.0027665237,0.984023
793,13,39,0.002459181,0.17825018,0.004743485,0.8145471
794,14,39,0.22678845,0.02947344,0.0054945583,0.7382435
795,15,39,0.012110022,0.40649834,0.004779661,0.576612
796,16,39,0.009802622,0.011279667,0.37392983,0.6049879
797,17,39,0.005281372,0.014974588,0.0030170595,0.976727
798,18,39,0.017912421,0.106218345,0.003546132,0.8723231
799,19,39,0.36008003,0.0037739112,0.0012144756,0.63493156
