0,1
0.0010217621,0.99897826
0.0001913592,0.9998086
0.06307839,0.93692166
0.00047291486,0.9995271
0.11847363,0.88152635
0.0001341804,0.9998658
0.2747093,0.7252907
0.0014307968,0.99856913
0.0012156896,0.99878436
0.005533031,0.9944669
0.614285,0.38571498
4.9066075e-05,0.9999509
2.2242511e-05,0.9999777
5.5615168e-05,0.9999443
5.38169e-05,0.99994624
8.559893e-05,0.9999144
0.013054309,0.9869457
0.0006158098,0.99938416
0.0001548546,0.99984515
0.00011668033,0.9998833
0.00026031723,0.9997397
0.00015705392,0.9998429
0.0003732663,0.99962676
0.00034069395,0.9996593
0.000103487844,0.9998965
0.00016193272,0.999838
0.00044743717,0.99955255
0.00074517704,0.99925476
0.00013687639,0.99986315
4.1450105e-05,0.9999585
0.00015592585,0.9998441
0.00014510404,0.9998549
1.8090925e-05,0.9999819
3.9800514e-05,0.9999602
3.906328e-05,0.9999609
4.574034e-05,0.9999542
7.775929e-05,0.9999223
0.0037707228,0.99622923
0.059557766,0.9404422
0.0026075095,0.9973924
0.00029340474,0.99970657
0.0030905174,0.99690944
0.3510243,0.64897573
0.46980125,0.5301987
0.6131677,0.3868323
0.40114108,0.59885895
0.24041858,0.7595814
0.038504887,0.9614951
0.00016368525,0.9998363
0.00036077297,0.9996393
0.012765929,0.9872341
0.383954,0.61604595
0.7918719,0.20812814
0.5888035,0.41119647
0.15183127,0.8481687
0.054040655,0.9459594
0.006398559,0.9936014
0.10609379,0.8939062
4.561885e-05,0.99995434
0.0032382663,0.99676174
5.3839016e-05,0.9999461
0.00021129625,0.9997887
0.0010286242,0.99897134
0.5197166,0.4802834
0.055278305,0.9447217
0.0006053515,0.99939466
0.00025399774,0.999746
0.00018417015,0.9998159
3.206952e-05,0.99996793
0.0004883994,0.9995116
0.00011016025,0.99988985
0.00029969262,0.9997003
0.00023917096,0.9997608
0.051897798,0.9481022
0.001513068,0.9984869
0.01950634,0.9804937
0.00066221535,0.99933773
0.0027628448,0.9972371
3.9706614e-05,0.9999603
0.003910111,0.99608994
7.14524e-05,0.9999286
0.048251353,0.95174867
0.00017176993,0.9998282
0.58882207,0.41117787
0.45599532,0.5440047
0.63922435,0.36077562
0.533314,0.46668604
0.60123813,0.3987619
0.5674731,0.43252686
0.5512278,0.44877222
0.3141779,0.6858221
0.60900855,0.39099148
0.25062612,0.74937385
0.576632,0.42336798
0.39946467,0.60053533
0.6406467,0.3593533
0.46691626,0.53308374
0.5984281,0.4015719
0.34346566,0.6565344
0.6016201,0.39837986
0.4482095,0.55179054
0.096022055,0.90397793
0.3734823,0.62651765
0.5513008,0.44869918
0.6962168,0.30378318
0.30687755,0.69312245
0.19245897,0.8075411
0.11622564,0.8837744
0.12346601,0.876534
0.020147113,0.9798529
0.07517035,0.92482966
0.0004532613,0.9995467
0.0005889794,0.999411
0.0016260243,0.998374
0.0006133865,0.99938655
0.0005992905,0.99940073
0.057896495,0.94210345
0.0009872296,0.9990127
0.0016088815,0.9983911
0.0017963115,0.99820364
0.2611306,0.7388694
0.24239318,0.7576068
0.4717477,0.52825236
0.2466032,0.7533968
0.30523044,0.69476956
0.06959384,0.93040615
0.039475586,0.9605244
0.00014633608,0.9998536
0.22265178,0.7773482
0.0034449776,0.9965551
0.10572913,0.8942709
0.26143703,0.73856294
0.16238163,0.83761835
0.11636038,0.8836396
0.64010423,0.35989574
0.12682606,0.8731739
0.6674102,0.33258983
0.5343687,0.4656313
0.682866,0.31713396
0.6677754,0.33222458
0.65507466,0.34492537
0.59824055,0.40175942
0.55036736,0.44963264
0.5522555,0.4477445
0.27466884,0.7253311
0.57175106,0.42824897
0.30599937,0.69400066
0.24283917,0.75716084
0.21345286,0.7865472
0.18255982,0.8174402
0.18256623,0.81743383
0.72040576,0.27959418
0.66375345,0.33624652
0.68757445,0.31242558
0.6870718,0.31292817
0.6505454,0.34945458
0.71881664,0.28118336
0.65936655,0.34063348
0.6999781,0.30002183
0.6409571,0.3590429
0.5805953,0.41940466
0.6267799,0.3732201
0.6201485,0.37985152
0.6728921,0.32710794
0.57622916,0.42377084
0.6506792,0.34932086
0.3367834,0.66321665
0.3329231,0.6670769
0.25209936,0.74790066
0.4363726,0.56362736
0.43848187,0.56151813
0.6372986,0.36270148
0.17598388,0.82401615
0.18021953,0.81978047
0.5447875,0.4552125
0.29695022,0.7030498
0.038547587,0.9614524
0.2562127,0.7437872
0.25784317,0.74215686
0.04343636,0.95656365
0.15305379,0.8469462
0.00076714036,0.9992329
0.10285497,0.897145
0.00063949666,0.9993605
0.05831519,0.9416848
0.0016913427,0.99830866
0.116234146,0.8837658
0.0015191474,0.99848086
0.14321609,0.8567839
0.011414622,0.9885854
0.08432883,0.91567117
0.07595624,0.9240438
0.00036618244,0.9996338
0.015263336,0.9847366
0.07108806,0.9289119
0.5546441,0.44535595
0.3487774,0.6512226
0.3997922,0.6002078
0.11540589,0.88459414
0.23605621,0.7639438
0.00012445124,0.99987555
0.028994389,0.9710056
0.0001322471,0.9998677
0.04397555,0.95602447
0.0003891664,0.99961084
0.6304361,0.36956385
0.43284425,0.5671558
0.6603742,0.33962584
0.6183876,0.38161242
0.77999157,0.22000839
0.64452916,0.35547087
0.6589039,0.34109616
0.1381738,0.86182624
0.046748713,0.95325136
0.22248246,0.77751756
0.20908806,0.7909119
0.031637624,0.96836245
0.2597661,0.7402339
0.07296601,0.92703396
0.2456448,0.7543552
0.001140834,0.99885917
0.06877548,0.93122447
2.6733213e-05,0.9999733
1.2275021e-05,0.9999877
2.1352527e-05,0.99997866
0.89898926,0.10101074
0.8121183,0.1878817
0.7980899,0.20191011
0.75048965,0.24951036
0.8510163,0.14898369
0.7771839,0.22281615
0.7224844,0.27751562
0.6052725,0.3947275
0.8060571,0.19394289
0.75722355,0.24277644
0.7652665,0.23473352
0.7451646,0.25483546
0.8009427,0.19905731
0.68054724,0.31945276
0.65935975,0.34064022
0.6934627,0.30653724
0.689293,0.31070697
0.6814488,0.31855124
0.6407157,0.35928422
0.6023809,0.39761916
0.4001507,0.5998493
0.39021516,0.60978484
0.43518654,0.5648135
0.3401037,0.65989625
0.5207839,0.47921613
0.4227447,0.5772553
0.54022884,0.45977113
0.2724243,0.72757566
0.40703112,0.5929688
0.5360295,0.46397045
0.6464522,0.35354778
0.2701531,0.72984684
0.18513004,0.81486994
0.0013980557,0.998602
0.041776773,0.9582232
0.5255616,0.4744384
0.00043862368,0.99956137
0.0002729867,0.99972695
0.0034475813,0.99655247
0.004047897,0.9959521
0.0044910745,0.9955089
0.049269,0.95073104
0.02502095,0.9749791
0.054102384,0.94589764
0.00012733557,0.9998727
0.000615764,0.99938416
0.0003485835,0.99965143
0.00027425718,0.99972576
0.0002454619,0.9997545
0.18839218,0.81160784
0.16856101,0.83143896
0.35104448,0.6489555
0.06902578,0.9309742
0.00016958674,0.99983037
0.00019620043,0.99980384
0.00033259857,0.9996674
0.00020303477,0.9997969
7.872708e-05,0.9999213
0.00012957782,0.9998704
9.582441e-05,0.99990416
0.0003337414,0.9996662
0.0155574735,0.98444253
0.34188697,0.658113
0.5476757,0.45232424
0.6692371,0.3307629
0.6096587,0.39034128
0.46977967,0.5302203
0.21566005,0.7843399
0.16852613,0.8314739
0.01103047,0.98896956
0.2101122,0.7898878
0.1780515,0.82194847
0.0027755243,0.99722445
2.9493182e-05,0.99997056
8.6324464e-05,0.9999137
5.4282176e-05,0.99994576
5.8747417e-05,0.99994123
2.2093327e-05,0.99997795
8.523199e-05,0.99991477
9.129851e-05,0.9999087
0.73358697,0.266413
0.6887238,0.31127623
0.6940962,0.30590382
0.8247636,0.17523636
0.85321987,0.14678007
0.78789836,0.21210167
0.8684982,0.13150176
0.78749186,0.21250816
0.78697014,0.21302989
0.77834713,0.22165293
0.844227,0.15577291
0.73372686,0.26627317
0.79028803,0.20971197
0.7722973,0.22770263
0.6658503,0.3341497
0.69355536,0.30644464
0.7353172,0.26468283
0.6556053,0.3443947
0.7228316,0.27716845
0.40914512,0.5908549
0.26359722,0.73640275
0.10774393,0.8922561
0.023682294,0.97631776
0.3393142,0.66068584
0.12789062,0.87210935
0.22914633,0.7708537
0.46439722,0.53560275
0.50038564,0.49961433
0.4846913,0.51530874
0.41380242,0.58619756
0.4045936,0.5954064
0.28984755,0.71015245
0.0039190934,0.99608094
0.13908401,0.860916
0.0032082773,0.99679166
0.0027172947,0.99728274
0.0025715725,0.99742836
0.00030126018,0.99969876
0.000120200195,0.99987984
0.00022271747,0.99977726
0.012254647,0.98774534
0.00016014157,0.9998398
0.08430771,0.9156923
0.0032029569,0.996797
0.04739865,0.9526013
0.00042690744,0.99957305
0.00023231862,0.9997677
0.00036013106,0.99963987
7.26217e-05,0.9999274
0.00030084056,0.99969923
9.543466e-05,0.9999045
0.00011066667,0.9998894
0.0012765494,0.99872345
0.0015010408,0.9984989
0.057370204,0.9426298
0.0018484646,0.9981515
0.00014978983,0.99985015
0.044830177,0.9551698
0.0001506326,0.9998493
0.15333085,0.84666914
0.00021829158,0.99978167
0.014052339,0.9859476
0.0056994483,0.9943006
0.12069986,0.8793002
0.535306,0.464694
0.14960907,0.8503909
0.30015525,0.6998448
0.011024945,0.98897505
0.036120355,0.96387964
0.005158145,0.9948419
0.061122566,0.93887746
0.017983355,0.9820166
0.10872492,0.8912751
0.1920154,0.80798465
5.1673203e-05,0.9999484
4.8748512e-05,0.99995124
2.3707886e-05,0.9999763
2.1005922e-05,0.999979
5.7592304e-05,0.9999424
2.3569042e-05,0.9999764
5.3759195e-05,0.99994624
2.3224391e-05,0.99997675
6.47057e-05,0.99993527
2.1210762e-05,0.9999788
0.88753855,0.11246145
0.8326407,0.16735928
0.87525845,0.12474162
0.8485746,0.15142545
0.76753277,0.23246725
0.9783094,0.021690533
0.78785616,0.21214382
0.9238422,0.076157786
0.8525605,0.14743952
0.85744166,0.14255837
0.8384838,0.16151623
0.8653377,0.13466224
0.84631294,0.15368704
0.79456776,0.20543218
0.7718108,0.2281892
0.85458934,0.14541069
0.83039707,0.16960293
0.81500757,0.1849924
0.7423237,0.2576763
0.6947217,0.3052783
0.76271814,0.23728186
0.7042043,0.29579568
0.6403132,0.35968682
0.63154936,0.36845064
0.62845206,0.371548
0.4633438,0.5366562
0.37970182,0.6202982
0.02237917,0.9776209
0.30512697,0.69487303
0.1330635,0.86693656
0.47408864,0.52591133
0.40653554,0.59346443
0.4751441,0.5248559
0.5330806,0.46691948
0.24946375,0.75053626
0.041127324,0.9588726
0.00060060306,0.9993994
0.004066255,0.99593383
0.0008988862,0.99910116
0.0027137334,0.9972863
0.06638227,0.9336178
0.19556539,0.8044346
0.0004735863,0.9995264
0.00025393814,0.999746
6.6406836e-05,0.9999336
0.00012096158,0.999879
0.00037898967,0.99962103
0.0003075363,0.99969244
0.0007834512,0.99921656
0.0100126825,0.9899873
0.14430858,0.8556914
0.11334071,0.88665926
8.915171e-05,0.99991083
0.0004814111,0.99951863
0.00013150295,0.9998685
0.0001544526,0.9998455
3.760287e-05,0.99996245
0.000105220664,0.99989474
8.597573e-05,0.99991405
0.0002212237,0.9997788
0.00045320386,0.9995468
0.0010210605,0.998979
0.05065253,0.9493475
0.20023601,0.79976404
0.45629808,0.5437019
0.09305163,0.9069484
0.20219143,0.7978086
0.09571155,0.9042884
0.25437316,0.74562687
0.4978848,0.50211513
0.5537079,0.44629207
0.009676886,0.99032307
0.09339294,0.9066071
6.5171196e-05,0.9999348
0.026828326,0.97317165
0.00017277044,0.9998272
0.05128165,0.9487183
0.064200655,0.9357993
0.09283415,0.9071658
0.052427556,0.94757247
0.2911259,0.7088741
0.267495,0.732505
0.0031513222,0.99684864
0.025142416,0.9748576
5.5800465e-05,0.9999442
0.0015113336,0.99848866
4.6002726e-05,0.999954
0.01838683,0.98161316
6.477912e-05,0.99993527
0.0049344418,0.9950656
2.5130144e-05,0.99997485
6.1448e-05,0.9999386
0.980124,0.01987598
0.94157505,0.058424983
0.90058684,0.09941312
0.9094382,0.09056176
0.95440847,0.04559157
0.9049267,0.09507334
0.93820196,0.06179805
0.90847546,0.091524534
0.85155624,0.14844376
0.8636431,0.13635685
0.8702522,0.1297478
0.8916517,0.108348384
0.9174059,0.08259416
0.9261612,0.07383877
0.96536493,0.034635033
0.9542725,0.04572746
0.95705074,0.04294924
0.8751219,0.124878086
0.9569594,0.043040533
0.8525141,0.14748593
0.9289978,0.07100219
0.93199456,0.068005495
0.90473694,0.095263
0.9099883,0.09001171
0.88910794,0.11089208
0.90871817,0.09128183
0.77302414,0.22697586
0.72714293,0.27285707
0.5217856,0.47821432
0.6737058,0.3262942
0.66491026,0.33508977
0.75119686,0.24880312
0.6997093,0.30029076
0.688402,0.311598
0.45136914,0.5486309
0.16457196,0.835428
0.022335831,0.9776642
0.07227096,0.92772907
0.021777801,0.97822225
0.012748452,0.9872515
0.012254752,0.9877452
0.20277734,0.7972227
0.120850764,0.8791492
0.1932679,0.80673206
0.09060981,0.9093902
0.0018576708,0.99814236
0.00289902,0.997101
0.00047620415,0.99952376
0.024068916,0.9759311
0.16465186,0.8353482
0.009487245,0.9905128
0.031218247,0.9687818
0.005884576,0.99411535
0.0005270666,0.9994729
0.00095612544,0.9990439
0.0007549092,0.99924517
0.0011243392,0.9988757
0.0058531556,0.9941468
0.0008161823,0.99918383
0.005916597,0.99408346
0.00043087403,0.9995691
0.2600325,0.7399675
0.5616399,0.43836004
0.0066796504,0.99332035
0.0072853244,0.9927147
0.00015944737,0.9998405
0.0018817416,0.9981183
0.00018963331,0.9998104
0.03750412,0.9624959
0.0022978738,0.9977022
0.3271297,0.6728703
0.11665469,0.88334525
0.5199935,0.48000652
0.28837937,0.7116206
0.15681233,0.8431877
0.2913453,0.7086547
0.2861474,0.71385264
0.25100315,0.74899685
0.40201735,0.59798265
0.008404187,0.9915958
0.00030691037,0.99969316
5.5775086e-05,0.9999442
0.00010886535,0.99989116
5.13679e-05,0.9999486
3.929605e-05,0.99996066
4.5191144e-05,0.9999548
0.00018332287,0.9998167
0.00066405925,0.99933594
0.00025758197,0.99974245
0.13012616,0.8698738
0.015655166,0.9843448
0.4348709,0.5651291
0.2264201,0.77357984
0.32123142,0.67876863
0.097317345,0.9026826
0.018797416,0.9812026
2.3862694e-05,0.99997616
0.0023841294,0.99761593
2.9626854e-05,0.9999703
2.2385406e-05,0.9999776
0.013418721,0.9865813
9.377961e-05,0.9999062
0.97820824,0.021791762
0.9637255,0.036274508
0.97586834,0.024131652
0.96178544,0.038214523
0.9760326,0.023967424
0.9474325,0.05256754
0.93450475,0.06549531
0.93305284,0.0669472
0.9060102,0.093989834
0.89445037,0.10554967
0.87263674,0.12736326
0.8834157,0.116584264
0.8832252,0.11677481
0.89155924,0.10844076
0.93298906,0.06701096
0.9827862,0.017213786
0.96485823,0.035141744
0.918757,0.08124303
0.9118892,0.08811082
0.8699643,0.13003567
0.9472241,0.052775916
0.9573904,0.042609565
0.97483826,0.025161693
0.91955394,0.08044599
0.95321876,0.046781253
0.88958645,0.11041352
0.7497753,0.25022474
0.7609842,0.23901583
0.7860562,0.21394382
0.59438205,0.40561798
0.69874114,0.30125883
0.48499677,0.51500326
0.6355312,0.3644688
0.6157925,0.38420746
0.61777806,0.3822219
0.33478674,0.6652133
0.39761725,0.6023827
0.5207588,0.4792412
0.25903285,0.74096715
0.044608843,0.9553912
0.04978881,0.9502112
0.18796821,0.81203175
0.0036833773,0.99631655
0.1614636,0.8385364
0.10119631,0.8988037
0.16478771,0.83521223
0.23017457,0.7698254
0.13765302,0.862347
0.14444725,0.85555273
0.1647518,0.8352482
0.0045473245,0.9954527
0.03306889,0.9669311
0.011503258,0.9884968
0.027597329,0.9724027
0.0013686481,0.9986313
0.00095977983,0.9990402
0.0001770452,0.99982303
0.00044519422,0.9995548
0.00024798617,0.999752
0.00015244923,0.99984753
0.000111577625,0.9998884
0.0008350012,0.99916506
7.430186e-05,0.99992573
0.002007674,0.9979924
0.000112366775,0.9998876
0.00044601658,0.999554
4.699826e-05,0.99995303
0.0002851319,0.9997148
6.1158265e-05,0.99993885
0.000113278445,0.99988675
0.000118956974,0.999881
0.05674863,0.9432514
0.17151453,0.8284855
0.29889604,0.701104
0.33499986,0.66500014
0.13736819,0.86263186
0.38895655,0.6110435
0.3297498,0.6702502
0.0018175702,0.9981824
0.18704762,0.81295234
8.86506e-05,0.9999113
0.10318851,0.8968115
5.6254503e-05,0.99994373
0.007354392,0.9926456
0.000106301166,0.99989367
7.5882825e-05,0.99992406
7.583118e-05,0.9999242
8.649931e-05,0.99991345
0.00053321896,0.99946684
0.00016983337,0.9998301
0.00016462739,0.9998354
0.00010156502,0.99989843
0.003325421,0.99667454
7.092398e-05,0.9999291
4.252916e-05,0.99995744
0.007198837,0.9928012
0.001697749,0.9983022
0.111050114,0.88894993
0.020127308,0.9798727
0.0004539237,0.999546
6.553777e-05,0.99993443
0.9767199,0.023280015
0.9731005,0.026899518
0.96011025,0.03988973
0.96931386,0.030686153
0.9548382,0.045161728
0.97532606,0.024673901
0.9456022,0.054397795
0.9552626,0.044737395
0.90151465,0.09848542
0.9602737,0.039726373
0.91955537,0.08044466
0.85208154,0.14791852
0.907592,0.092407994
0.9043341,0.09566584
0.9212277,0.078772284
0.90133494,0.09866504
0.9403687,0.059631307
0.94874525,0.051254738
0.9153555,0.08464451
0.9431433,0.056856748
0.9513045,0.04869543
0.95215744,0.04784259
0.93178016,0.06821982
0.90145487,0.098545164
0.8418622,0.15813775
0.711204,0.288796
0.69174296,0.308257
0.5351734,0.46482655
0.3778167,0.62218326
0.4938597,0.5061403
0.5995673,0.40043277
0.028895712,0.9711043
0.11235332,0.8876467
0.06567362,0.93432635
0.40562347,0.5943765
0.51372266,0.4862773
0.48778093,0.5122191
0.024338735,0.9756613
0.2610967,0.7389033
0.023240328,0.9767596
0.2529367,0.7470633
0.2866856,0.7133145
0.0050040414,0.99499595
0.0439838,0.9560162
0.089579195,0.9104208
0.39696243,0.60303754
0.2906374,0.7093626
0.5017016,0.4982984
0.30913225,0.6908678
0.22376597,0.77623403
0.09194756,0.9080524
0.055166863,0.9448331
0.0053746128,0.9946254
0.066646,0.933354
0.013084632,0.98691535
0.009619714,0.9903803
0.002094534,0.9979055
0.00038334058,0.9996166
0.00032065727,0.9996793
0.00025981115,0.9997402
0.00051793654,0.9994821
0.0004925578,0.9995074
0.00013330887,0.9998667
0.00018539396,0.9998147
0.00010464871,0.99989533
0.00016430151,0.9998357
0.00021331769,0.9997867
0.0009304765,0.9990695
0.00021179768,0.9997882
0.00857562,0.9914243
0.0005001027,0.9994999
0.073397614,0.92660236
0.053058073,0.9469419
0.1787685,0.8212315
0.46092102,0.53907895
0.31911564,0.68088436
0.150848,0.849152
0.044479117,0.9555209
0.00019056407,0.99980944
0.003546104,0.9964539
0.00015429097,0.99984574
9.871386e-05,0.9999013
0.00029273666,0.9997073
0.00026441328,0.99973553
8.686351e-05,0.9999131
0.0036082922,0.9963917
0.0002329783,0.999767
0.0070367996,0.99296325
0.00016384372,0.9998361
0.001161098,0.99883896
0.00020885919,0.9997912
5.60321e-05,0.999944
0.00075975317,0.9992403
0.00019545542,0.99980456
0.00018570285,0.99981433
4.359113e-05,0.99995637
0.00010209344,0.99989784
0.00029670692,0.9997032
0.015442211,0.9845578
0.035894528,0.9641054
3.9246206e-05,0.9999608
0.00024398194,0.99975604
5.1545143e-05,0.9999485
0.96968085,0.030319221
0.95931906,0.040681016
0.9602949,0.0397051
0.9586368,0.041363135
0.9688411,0.031158846
0.9529816,0.047018446
0.92533034,0.07466971
0.89660794,0.10339206
0.8682691,0.13173096
0.9242311,0.0757689
0.95490324,0.045096796
0.942984,0.057016037
0.90490836,0.09509161
0.9019006,0.09809945
0.86616457,0.1338355
0.86730665,0.13269335
0.8991991,0.10080084
0.8892419,0.110758156
0.8608763,0.13912366
0.8938846,0.10611538
0.89687496,0.10312507
0.94167453,0.058325518
0.86529064,0.1347093
0.95075893,0.049241018
0.8995589,0.100441106
0.7343864,0.26561356
0.68553656,0.31446338
0.36921105,0.630789
0.2950814,0.7049186
0.0204101,0.9795899
0.070343755,0.9296562
0.006342749,0.9936573
0.010758552,0.9892414
0.005573161,0.99442685
0.16500027,0.83499974
0.04300863,0.9569913
0.47910884,0.5208912
0.43827504,0.5617249
0.02766452,0.9723355
0.05743829,0.94256175
0.064930946,0.935069
0.4927493,0.50725067
0.43859008,0.5614099
0.51710075,0.48289922
0.35388246,0.64611757
0.32340255,0.6765974
0.4056233,0.59437674
0.026160883,0.9738391
0.34254918,0.6574508
0.27837285,0.7216271
0.33365354,0.6663465
0.5123075,0.4876925
0.24331462,0.7566854
0.42973584,0.5702641
0.21503635,0.7849636
0.4266593,0.5733407
0.0028786275,0.9971214
0.3852086,0.61479133
0.00086077105,0.9991392
0.0035612024,0.99643886
0.000563572,0.99943644
0.00028181152,0.9997181
0.00015114683,0.99984884
0.007869052,0.99213094
0.00028468127,0.99971527
0.022930427,0.97706956
0.0004487714,0.99955124
0.13508335,0.8649167
0.018208893,0.98179114
0.09372131,0.90627867
0.018128896,0.9818711
0.0020974842,0.9979025
0.0021648442,0.9978352
0.11691525,0.88308483
0.22199017,0.77800983
0.35243085,0.6475691
0.24281922,0.7571808
0.0036969217,0.9963031
0.06951663,0.93048334
0.00092444196,0.99907553
0.09910272,0.9008973
0.060734462,0.93926555
0.02437154,0.9756285
0.00022194629,0.9997781
8.9750094e-05,0.99991024
8.785835e-05,0.99991214
9.3391056e-05,0.99990666
0.0002031932,0.9997968
3.894236e-05,0.999961
0.00024842165,0.9997516
4.7270507e-05,0.9999527
0.000112588685,0.99988735
0.000109152454,0.9998908
0.00014305497,0.99985695
0.00036470167,0.99963534
6.887576e-05,0.9999311
0.00024373221,0.9997563
0.0010358202,0.9989642
0.0013892567,0.99861073
0.00061197486,0.999388
0.023036325,0.9769637
0.00053733424,0.99946266
0.00062741945,0.99937266
0.00011620798,0.9998838
0.9829106,0.017089376
0.9655606,0.03443937
0.9694784,0.030521618
0.9563567,0.04364334
0.96618104,0.03381892
0.9492337,0.050766315
0.8895822,0.11041784
0.9746405,0.025359502
0.9429847,0.05701529
0.9276032,0.072396785
0.9438822,0.056117773
0.89434344,0.10565657
0.9323207,0.067679286
0.86441594,0.135584
0.8341028,0.16589718
0.91211104,0.08788893
0.92070705,0.07929292
0.89662737,0.10337262
0.8761739,0.12382606
0.89770365,0.1022964
0.9234043,0.07659576
0.89154536,0.108454645
0.9401707,0.059829287
0.80461144,0.19538856
0.8151269,0.18487312
0.5710676,0.4289324
0.1560614,0.8439386
0.005884906,0.9941151
0.015265285,0.98473465
0.008069507,0.9919304
0.0065382607,0.9934617
0.24466616,0.75533384
0.0062340205,0.99376595
0.3257842,0.67421573
0.14840397,0.85159606
0.50527716,0.49472284
0.445857,0.554143
0.56482786,0.4351721
0.5537398,0.44626024
0.5376781,0.46232185
0.48863903,0.511361
0.585245,0.41475496
0.65889055,0.34110942
0.5801766,0.4198234
0.6229868,0.37701327
0.6268776,0.37312242
0.34457645,0.6554236
0.47763088,0.5223691
0.012027698,0.9879723
0.30034047,0.69965947
0.45997757,0.54002243
0.6719955,0.32800448
0.73261166,0.26738834
0.73627245,0.2637276
0.52126145,0.47873858
0.5773612,0.42263874
0.6590513,0.3409487
0.23814175,0.7618583
0.514133,0.485867
0.010027876,0.9899721
0.5562468,0.4437532
0.124430954,0.87556905
0.6979103,0.30208972
0.003612608,0.99638736
0.007627874,0.99237216
0.2243428,0.77565724
0.094524175,0.90547585
0.17912821,0.82087183
0.04481108,0.955189
0.22067983,0.7793202
0.25224006,0.74775994
0.27903625,0.7209638
0.22620566,0.7737943
0.07857774,0.92142224
0.5498395,0.45016044
0.15424247,0.84575754
0.035582528,0.96441746
0.0005224845,0.99947757
0.00011334954,0.99988663
0.0006674372,0.9993325
0.0006264157,0.9993736
3.6984413e-05,0.99996305
5.1902847e-05,0.99994814
0.00011819331,0.99988174
6.292411e-05,0.99993706
4.8133206e-05,0.99995184
2.9387444e-05,0.99997056
4.717806e-05,0.9999528
9.698972e-05,0.99990296
0.000106598294,0.9998934
6.4670356e-05,0.99993527
3.7349055e-05,0.9999627
7.31756e-05,0.9999268
0.0023560266,0.997644
5.1097624e-05,0.99994886
0.006595212,0.9934048
0.0015946424,0.9984054
0.00024895894,0.99975103
0.00022130684,0.9997787
0.004652177,0.9953478
0.00868131,0.99131864
0.15533592,0.84466404
0.0102788955,0.9897211
0.21486078,0.7851392
0.0004823943,0.99951756
0.008592762,0.9914072
0.0072873943,0.9927126
0.009436509,0.9905635
0.96468437,0.03531558
0.97109115,0.028908875
0.9645274,0.035472546
0.9802192,0.019780835
0.9683488,0.031651195
0.98377085,0.01622913
0.93464935,0.06535061
0.9618323,0.0381677
0.97801846,0.021981541
0.9448682,0.05513178
0.9153621,0.08463786
0.90581864,0.09418138
0.9157925,0.08420746
0.92839783,0.071602166
0.9217098,0.07829018
0.9218212,0.07817879
0.9448995,0.055100545
0.9006753,0.0993247
0.9059384,0.094061606
0.85900366,0.14099634
0.86484104,0.13515897
0.80800843,0.19199157
0.85112524,0.14887474
0.83765197,0.162348
0.68390036,0.31609967
0.03260807,0.96739197
0.0043117846,0.99568826
0.035268597,0.96473145
0.006862292,0.9931377
0.0032951792,0.9967049
0.0039716833,0.9960283
0.0006353795,0.9993647
0.120323755,0.87967616
0.07862826,0.92137176
0.49168584,0.5083142
0.5360871,0.46391296
0.35454953,0.6454505
0.051230118,0.9487699
0.2710708,0.7289292
0.0014170064,0.99858296
0.0019357181,0.99806434
0.007747717,0.9922523
0.6706693,0.32933068
0.6671098,0.33289018
0.59612274,0.40387732
0.71189857,0.2881015
0.6216574,0.37834263
0.62423265,0.3757674
0.19762778,0.8023722
0.6694825,0.33051744
0.28645825,0.71354175
0.59774685,0.4022532
0.69286644,0.3071336
0.5593736,0.4406264
0.67331535,0.32668462
0.5849869,0.41501307
0.30506903,0.694931
0.15724927,0.8427508
0.003766065,0.996234
0.041267626,0.95873237
0.005101103,0.99489886
0.124233775,0.8757662
0.08425529,0.9157447
0.3282435,0.67175645
0.20327657,0.7967234
0.0064387494,0.99356127
0.07321522,0.92678475
0.029997362,0.97000265
0.1582981,0.84170187
0.09767575,0.90232426
0.16881178,0.8311882
0.17141847,0.8285816
0.19384374,0.8061563
0.09758187,0.90241814
0.06546586,0.9345341
0.07620359,0.9237964
0.09194962,0.9080504
0.0426304,0.95736957
0.06440072,0.9355993
0.054067757,0.94593227
0.0002083061,0.9997917
0.030208463,0.9697916
9.1068956e-05,0.9999089
0.4263247,0.57367533
0.00018299036,0.9998171
0.080515765,0.9194842
7.368903e-05,0.9999263
0.0002808545,0.9997191
5.650618e-05,0.9999435
9.167487e-05,0.9999083
0.00015670298,0.99984324
0.00010702392,0.99989295
5.0883522e-05,0.9999491
0.00016930209,0.9998307
5.6434288e-05,0.9999436
0.00013015687,0.9998698
0.00029612478,0.9997038
0.0004700186,0.99952996
0.027936865,0.97206306
0.010283737,0.98971623
0.029232552,0.97076744
0.032827817,0.96717215
0.23823862,0.7617614
0.20893914,0.79106086
0.08857962,0.91142035
0.08957651,0.91042346
0.10805377,0.89194626
0.09577579,0.90422416
0.02670624,0.9732938
0.0070283622,0.9929717
0.0024576166,0.9975424
0.0023262294,0.9976738
0.9672976,0.032702353
0.9636591,0.03634091
0.96306765,0.03693234
0.9515259,0.048474003
0.97967654,0.020323383
0.973437,0.02656297
0.97890943,0.021090552
0.90463483,0.09536522
0.9410567,0.05894329
0.9286055,0.07139448
0.8967914,0.10320863
0.9187636,0.0812364
0.9807813,0.019218687
0.9642148,0.03578518
0.95089585,0.04910422
0.9643406,0.03565936
0.9529958,0.047004182
0.92542344,0.07457654
0.92980516,0.07019491
0.8193141,0.18068586
0.80625445,0.19374554
0.7050203,0.29497966
0.7695672,0.23043278
0.73834515,0.26165482
0.71794933,0.28205073
0.7631432,0.23685682
0.050095286,0.94990474
0.01562636,0.9843737
0.032425627,0.9675744
0.0074718525,0.9925282
0.008397009,0.99160296
0.0017525236,0.9982475
0.00202191,0.99797815
0.01754184,0.9824582
0.09066654,0.9093334
0.3337051,0.66629493
0.030373778,0.96962625
0.022728564,0.97727144
0.0042710686,0.9957289
0.017039463,0.9829606
0.0011736852,0.9988263
0.09841015,0.9015898
0.42525575,0.5747443
0.6095018,0.39049828
0.62816215,0.37183788
0.70253515,0.29746488
0.7207395,0.27926055
0.7494662,0.25053382
0.7552037,0.24479626
0.7077275,0.2922725
0.7552202,0.2447798
0.76581067,0.23418932
0.71518344,0.2848166
0.7689567,0.23104331
0.6261031,0.37389693
0.6735635,0.3264365
0.48135573,0.5186443
0.5797487,0.42025128
0.047956765,0.95204324
0.22653124,0.77346873
0.022903437,0.9770965
0.2076424,0.7923576
0.3194007,0.6805993
0.019609282,0.98039067
0.1503769,0.8496231
0.044129986,0.95587
0.06509783,0.9349022
0.20030572,0.79969436
0.072226256,0.9277737
0.030623646,0.9693764
0.111275576,0.88872445
0.030525161,0.96947485
0.064258374,0.9357416
0.0073449016,0.99265516
0.00439056,0.99560946
0.0045610275,0.995439
0.0103103,0.9896897
0.0013652459,0.99863476
0.0019296858,0.9980703
0.00023051375,0.9997695
0.16219538,0.8378047
0.0010647528,0.9989353
0.22328931,0.7767107
0.03870127,0.9612987
0.27702633,0.7229737
0.0110487845,0.98895127
0.16002111,0.8399789
0.10043264,0.89956737
0.0016516517,0.99834836
0.0033618563,0.9966382
0.051272675,0.9487273
0.06759589,0.93240416
0.018622749,0.9813773
0.06526497,0.934735
0.00010050639,0.9998995
0.0002583599,0.9997416
0.0003276855,0.9996723
0.0001367664,0.99986327
9.544339e-05,0.9999045
0.00036586385,0.99963415
0.0127319,0.98726815
0.11792008,0.8820799
0.14796059,0.85203946
0.15537764,0.8446223
0.14690618,0.8530938
0.15547116,0.84452885
0.17328629,0.82671374
0.029629866,0.9703701
0.30047113,0.6995289
0.00022149475,0.99977857
0.00033820022,0.9996618
0.00034429575,0.9996557
0.9749029,0.025097033
0.97104275,0.028957319
0.97661215,0.023387883
0.96003157,0.039968427
0.9655717,0.03442828
0.9550651,0.044934895
0.9493886,0.05061134
0.9611003,0.038899716
0.8994344,0.10056564
0.9483573,0.051642746
0.92511684,0.07488313
0.9243034,0.0756966
0.92040867,0.0795914
0.8849423,0.11505765
0.86660475,0.1333953
0.88180304,0.11819696
0.93509895,0.064901054
0.9543646,0.04563536
0.7777734,0.22222663
0.88915175,0.11084819
0.74338186,0.25661808
0.9219212,0.07807878
0.8852686,0.11473139
0.92827183,0.07172814
0.8386108,0.16138917
0.8084282,0.19157179
0.7125134,0.2874866
0.74860513,0.25139484
0.010875139,0.9891249
0.7370632,0.26293674
0.01734126,0.98265874
0.58877134,0.41122866
0.012307803,0.9876922
0.71853834,0.2814617
0.63608617,0.36391383
0.4801503,0.5198497
0.5120406,0.4879594
0.44725195,0.5527481
0.057153385,0.9428466
0.0029071649,0.99709284
0.004049347,0.9959507
0.01604331,0.98395675
0.48005068,0.5199493
0.6361671,0.36383283
0.747823,0.25217697
0.7910487,0.20895134
0.7492726,0.25072742
0.7974132,0.20258683
0.69923747,0.30076253
0.78409684,0.21590324
0.8590699,0.14093007
0.8830329,0.11696704
0.626102,0.3738981
0.75609684,0.24390313
0.76133823,0.23866175
0.7525672,0.24743286
0.48676643,0.51323354
0.69442344,0.30557656
0.72769487,0.27230513
0.52180433,0.47819564
0.6165946,0.38340545
0.18862651,0.8113735
0.31897688,0.6810231
0.599052,0.40094802
0.3200805,0.6799195
0.37759882,0.6224012
0.23005728,0.76994276
0.30187896,0.6981211
0.09137676,0.9086233
0.20403522,0.79596484
0.045606922,0.954393
0.0044391085,0.9955609
0.0025782762,0.99742174
0.0004258712,0.9995741
0.0018070163,0.99819297
0.00075480907,0.99924517
0.0007203968,0.9992797
0.0007644905,0.9992355
0.0010150607,0.9989849
0.0028971059,0.9971029
0.0024564983,0.9975435
0.0009776895,0.99902236
0.000988997,0.9990109
6.515889e-05,0.9999348
0.00029065533,0.9997093
0.0003077155,0.9996923
0.0003319378,0.9996681
0.00028145843,0.9997185
0.0004140952,0.9995859
0.0001897516,0.9998103
6.0215898e-05,0.9999398
0.00021738684,0.9997826
0.00013465466,0.9998653
0.18574485,0.8142552
0.0057290187,0.99427104
0.0027555223,0.9972445
0.07233611,0.9276639
0.008460411,0.99153954
0.21047048,0.7895295
0.24574336,0.75425667
0.54181033,0.4581897
0.2659288,0.73407125
0.48946625,0.5105337
0.19781865,0.80218136
0.06613759,0.93386245
0.00063559785,0.99936444
0.00044128724,0.99955875
0.00015873744,0.9998412
0.0002479966,0.999752
5.0930757e-05,0.9999491
0.00023008032,0.99977
0.00018424216,0.99981576
0.0017658385,0.99823415
0.9652285,0.0347715
0.9540702,0.04592977
0.9810494,0.01895058
0.9632136,0.03678634
0.939885,0.06011496
0.9364314,0.06356859
0.95002437,0.049975578
0.93565756,0.06434245
0.9618933,0.038106743
0.97714126,0.022858785
0.9285246,0.07147541
0.86991376,0.1300862
0.8598365,0.14016354
0.9520779,0.04792213
0.8953788,0.1046212
0.9483431,0.051656842
0.9449308,0.055069167
0.9480804,0.051919565
0.9598409,0.04015916
0.9738928,0.026107188
0.9750082,0.024991805
0.9756271,0.024372833
0.92008597,0.07991398
0.95512164,0.044878326
0.9305777,0.06942235
0.93601453,0.06398545
0.86444294,0.13555704
0.84470904,0.15529093
0.8339529,0.1660471
0.79025805,0.20974194
0.20617355,0.79382646
0.2503756,0.7496244
0.6272553,0.3727447
0.19724803,0.80275196
0.7574568,0.24254328
0.70625496,0.2937451
0.7468375,0.2531625
0.8170795,0.18292052
0.7164116,0.28358838
0.8976172,0.10238282
0.11654414,0.8834559
0.8264935,0.17350654
0.22000605,0.77999395
0.84020346,0.15979652
0.6726857,0.3273143
0.74098337,0.25901666
0.7837384,0.21626164
0.8211118,0.17888823
0.8248196,0.17518033
0.70916283,0.2908371
0.8597216,0.14027835
0.8018448,0.19815528
0.805941,0.19405904
0.8341621,0.16583785
0.8394807,0.16051935
0.86317086,0.13682908
0.7057508,0.29424915
0.7778908,0.2221092
0.71130526,0.28869477
0.76795083,0.23204912
0.38552856,0.61447144
0.6174228,0.38257715
0.16008283,0.8399172
0.64946187,0.35053813
0.40090153,0.5990985
0.65871567,0.34128436
0.54239583,0.45760414
0.5337131,0.4662869
0.51491106,0.48508894
0.6005277,0.39947227
0.1323011,0.86769897
0.33980724,0.6601927
0.002875467,0.9971245
0.0134359645,0.98656404
0.0033619103,0.99663806
0.001325175,0.99867487
0.00042078996,0.99957925
0.00023591281,0.99976414
0.00046571463,0.99953425
0.16546194,0.83453804
0.060412627,0.9395874
0.3486208,0.65137917
0.0006462605,0.9993537
0.0004120238,0.99958795
0.000986518,0.9990134
0.00087964063,0.9991204
0.0011584255,0.9988416
0.00035159214,0.99964845
0.0008984558,0.9991015
0.0020138477,0.9979862
0.0006155261,0.9993844
7.646773e-05,0.99992347
0.00010785685,0.9998921
5.5493743e-05,0.99994445
0.00019634828,0.9998037
0.00019654531,0.9998035
0.0059402413,0.9940598
0.004211942,0.99578804
0.14353476,0.8564653
0.030210417,0.96978956
0.42557278,0.57442725
0.123806536,0.87619346
0.616498,0.38350198
0.49831533,0.50168467
0.25044772,0.7495523
0.19777101,0.80222905
0.18281978,0.8171802
0.039258797,0.9607412
0.00065593695,0.99934405
0.00023135067,0.9997687
0.00028731144,0.99971265
0.00069326576,0.9993067
0.0010388868,0.9989611
0.0010758701,0.9989241
0.01405532,0.98594475
0.05666168,0.94333833
0.002738431,0.9972615
0.044393588,0.95560634
0.9688766,0.031123385
0.9653827,0.03461731
0.9525551,0.04744484
0.9692257,0.030774305
0.9544419,0.04555809
0.96958435,0.030415662
0.93767935,0.062320612
0.98202294,0.017977092
0.9673449,0.032655146
0.9515079,0.048492108
0.9417654,0.0582346
0.93859696,0.061403044
0.96507317,0.034926828
0.98105776,0.018942216
0.9467682,0.05323176
0.97941244,0.020587482
0.9830921,0.016907841
0.9609141,0.039085902
0.965841,0.034159005
0.97394264,0.026057325
0.97672594,0.023274088
0.9777118,0.022288155
0.9842464,0.015753582
0.98664653,0.013353426
0.95503455,0.044965506
0.9211778,0.07882214
0.9597448,0.04025519
0.83691686,0.16308309
0.7969312,0.20306881
0.8578079,0.14219214
0.7518055,0.24819455
0.7999622,0.20003776
0.71030456,0.2896954
0.7851872,0.21481277
0.7693253,0.2306747
0.91051316,0.089486845
0.8328724,0.16712761
0.8901357,0.109864295
0.7973123,0.20268773
0.8289871,0.17101286
0.83470315,0.16529691
0.9239724,0.07602762
0.76609886,0.23390113
0.87108076,0.12891918
0.8528115,0.14718851
0.90628564,0.093714386
0.9151898,0.08481016
0.966744,0.033255983
0.9086095,0.09139056
0.97501504,0.024985032
0.6531714,0.34682858
0.882099,0.11790101
0.7486919,0.25130808
0.7747116,0.22528847
0.7731177,0.22688226
0.8151899,0.1848101
0.8164186,0.1835814
0.80568814,0.19431192
0.79767066,0.20232932
0.82273877,0.1772612
0.8249059,0.17509413
0.7809152,0.2190848
0.7503661,0.24963397
0.8174394,0.18256064
0.8157575,0.18424249
0.80380726,0.1961928
0.625058,0.37494206
0.741282,0.25871795
0.15118705,0.84881294
0.59178555,0.40821445
0.6625793,0.33742064
0.60753256,0.39246744
0.19091041,0.8090896
0.4728512,0.52714884
0.0063632303,0.99363685
0.20446403,0.795536
0.010577504,0.9894225
0.23365249,0.7663475
0.1819347,0.81806535
0.2863102,0.7136898
0.039007507,0.96099246
0.026051374,0.97394866
0.00023378737,0.9997662
0.0021407064,0.9978593
0.004473406,0.9955266
0.0076934625,0.99230653
0.013830154,0.9861698
0.0044306135,0.9955694
0.00082324364,0.9991767
0.0023137454,0.99768627
0.00031094265,0.9996891
0.0017668053,0.9982332
0.000104750936,0.9998952
9.858865e-05,0.9999014
9.261204e-05,0.9999074
0.16439295,0.83560705
0.056229904,0.9437701
0.17288432,0.82711565
0.02569497,0.974305
0.0010151844,0.99898475
0.00038783497,0.99961215
0.0013922475,0.9986078
0.0006566638,0.99934334
0.003129278,0.9968707
0.03998927,0.9600107
0.0050269472,0.99497306
0.0005145844,0.9994854
0.00023437926,0.9997656
0.0011725789,0.9988274
8.7926404e-05,0.999912
0.00017778597,0.9998222
0.00018296453,0.9998171
0.0015240286,0.99847597
0.090595834,0.9094042
0.18771572,0.8122843
0.059955366,0.94004464
0.965133,0.034866955
0.9717656,0.028234398
0.87114745,0.1288525
0.9697129,0.030287089
0.9796196,0.020380456
0.9758389,0.024161138
0.97012514,0.029874846
0.9847735,0.015226542
0.96899736,0.031002708
0.997389,0.0026109694
0.997957,0.002043034
0.9962878,0.0037121377
0.980473,0.01952707
0.9879503,0.012049645
0.9874796,0.012520301
0.9853454,0.014654648
0.98543835,0.014561681
0.98718786,0.01281219
0.98169553,0.018304434
0.98852634,0.011473692
0.9757203,0.024279736
0.97472453,0.025275512
0.9808803,0.01911969
0.9837198,0.016280165
0.9771394,0.022860551
0.9779284,0.022071576
0.94371796,0.056282002
0.95909625,0.04090375
0.7447049,0.2552951
0.79158705,0.20841293
0.8375138,0.1624862
0.9595123,0.040487707
0.93466395,0.06533608
0.94430786,0.055692144
0.980724,0.019275947
0.9525788,0.047421254
0.9421313,0.05786874
0.96365654,0.0363435
0.87005705,0.12994298
0.9783595,0.021640452
0.9528029,0.047197133
0.9290467,0.07095329
0.9414471,0.058552857
0.9219676,0.07803239
0.9267178,0.07328219
0.9382502,0.06174975
0.9264301,0.07356989
0.9514736,0.048526373
0.9308988,0.06910124
0.9608464,0.039153542
0.957886,0.042113997
0.9331118,0.066888176
0.9695106,0.030489378
0.9680424,0.03195757
0.81797594,0.18202409
0.9021463,0.09785372
0.74315834,0.2568416
0.7914554,0.20854458
0.7763305,0.2236695
0.7525861,0.24741387
0.76251316,0.23748684
0.80803305,0.19196695
0.84160626,0.15839368
0.849737,0.150263
0.8254618,0.17453821
0.7451612,0.25483885
0.86425877,0.13574119
0.6124821,0.3875179
0.7266551,0.27334484
0.32815918,0.6718408
0.5687696,0.4312305
0.39322838,0.60677165
0.6222311,0.37776884
0.40299293,0.59700704
0.6645121,0.33548787
0.4586777,0.5413223
0.53282195,0.46717805
0.5385219,0.4614781
0.4554512,0.5445488
0.41357097,0.586429
0.35393313,0.6460669
0.24649096,0.75350904
0.007912631,0.9920874
0.026213668,0.9737863
0.0014862119,0.99851376
0.095281124,0.90471894
0.0016300117,0.99837
0.18695109,0.81304896
0.0002702222,0.9997298
0.0003296891,0.99967027
0.0015811477,0.9984188
0.00019144718,0.9998086
0.00015632423,0.9998436
0.00053940667,0.99946064
0.105691865,0.8943081
0.0023952585,0.9976047
0.3941161,0.6058839
0.20008276,0.7999172
0.17612356,0.82387644
0.13510054,0.86489946
0.0029810227,0.99701905
0.0045884177,0.9954116
0.0009149475,0.99908507
0.0015538253,0.99844617
0.00050634966,0.9994936
0.0005633569,0.9994367
0.0005131852,0.9994868
0.00054424326,0.99945575
0.00017483199,0.9998252
0.0010864326,0.9989135
0.037002813,0.9629972
0.0005735428,0.9994265
0.97997606,0.020023908
0.98239833,0.017601712
0.9853565,0.014643468
0.9911084,0.008891566
0.9892266,0.010773422
0.99221706,0.0077828667
0.987112,0.012888039
0.99928576,0.0007143067
0.9989766,0.0010234489
0.99947745,0.0005225337
0.9991435,0.0008565011
0.99949396,0.00050598074
0.99826163,0.0017383943
0.997775,0.0022249552
0.9919646,0.0080354335
0.9907464,0.009253599
0.9862633,0.013736752
0.9938899,0.006110024
0.9886507,0.011349343
0.9915421,0.008457839
0.98482406,0.015175987
0.98306066,0.01693937
0.94074047,0.05925954
0.9648355,0.03516448
0.9757235,0.02427657
0.93359584,0.066404134
0.9803867,0.019613268
0.95843977,0.041560236
0.96581376,0.034186263
0.97650313,0.02349691
0.97626376,0.023736177
0.96143985,0.03856018
0.9776579,0.022342026
0.9501431,0.04985694
0.976441,0.023559006
0.9448453,0.05515472
0.975447,0.024553044
0.9686378,0.031362187
0.9536551,0.046344854
0.9695183,0.030481657
0.9540165,0.04598344
0.9788361,0.021163873
0.91942316,0.08057689
0.93070006,0.069299996
0.9400612,0.05993882
0.92511237,0.07488766
0.90959245,0.09040752
0.9442605,0.055739466
0.91043335,0.08956662
0.9454127,0.05458734
0.92647904,0.07352098
0.9659439,0.034056164
0.9256956,0.07430445
0.87607974,0.12392031
0.9130702,0.08692979
0.8568993,0.14310068
0.86408436,0.13591567
0.94490004,0.055099946
0.8821784,0.11782165
0.91482234,0.08517763
0.7315719,0.2684281
0.86195534,0.1380447
0.73487186,0.26512808
0.8070177,0.19298232
0.7292094,0.27079058
0.14238814,0.8576119
0.025778877,0.9742211
0.007427979,0.992572
0.0169091,0.9830908
0.031348363,0.9686516
0.0169083,0.98309165
0.051451944,0.9485481
0.39360836,0.60639167
0.44302145,0.5569785
0.29720777,0.7027922
0.0030064404,0.99699354
0.15435874,0.84564126
0.14341615,0.85658383
0.37717652,0.6228235
0.5172304,0.48276958
0.18007167,0.81992835
0.34681606,0.65318394
0.38932148,0.6106785
0.30551013,0.6944899
0.03691741,0.96308255
0.14088494,0.85911506
0.05821416,0.9417859
0.25720364,0.74279636
0.26474595,0.7352541
0.009480222,0.99051976
0.00034053987,0.9996594
0.0001568881,0.9998431
0.00014096855,0.999859
0.0010650174,0.9989349
0.00013558476,0.99986434
0.00019500493,0.99980503
0.00015877558,0.9998412
0.0004836395,0.99951637
0.12324411,0.87675595
0.024651695,0.9753483
0.17587295,0.8241271
0.16554935,0.83445066
0.08842488,0.91157514
0.14283192,0.85716814
0.0013754015,0.99862456
0.0015082649,0.99849176
0.0006943508,0.9993056
0.0006996752,0.99930036
0.00016023018,0.9998398
0.00041838965,0.99958163
0.013742708,0.98625726
0.0041571422,0.9958429
0.0019791177,0.9980209
0.0027784402,0.9972216
0.005290179,0.99470985
0.02251644,0.9774835
0.9830025,0.016997462
0.9877037,0.012296326
0.9955403,0.004459632
0.9936272,0.006372825
0.99430966,0.0056903493
0.9988656,0.0011344359
0.99943477,0.0005652647
0.9989637,0.0010363297
0.9992473,0.0007526761
0.9990971,0.00090290385
0.9995722,0.0004278343
0.99979347,0.00020651775
0.9995227,0.00047730142
0.99426645,0.005733542
0.99597627,0.0040237834
0.95490074,0.045099314
0.99801093,0.0019891
0.9982451,0.0017548901
0.99742895,0.0025710724
0.9982578,0.0017422074
0.9928711,0.00712889
0.99803275,0.0019671968
0.9894013,0.010598754
0.99623954,0.00376043
0.8649875,0.13501252
0.8437623,0.15623766
0.87464726,0.12535277
0.84436107,0.15563896
0.97746474,0.022535238
0.9887812,0.011218815
0.98499596,0.015004018
0.9890056,0.010994376
0.9902327,0.009767297
0.94932747,0.050672505
0.89837635,0.10162362
0.8965924,0.10340762
0.8532352,0.14676484
0.97507745,0.024922553
0.97698295,0.023017041
0.95681155,0.043188486
0.969092,0.030907903
0.9814449,0.01855512
0.9603793,0.039620634
0.96171993,0.038280047
0.96496147,0.03503856
0.9523758,0.047624193
0.937255,0.062744975
0.92798793,0.07201212
0.96088374,0.03911629
0.9318233,0.06817667
0.9202182,0.07978182
0.89250535,0.10749465
0.9000493,0.099950746
0.79070455,0.20929548
0.70373833,0.29626164
0.70701474,0.29298532
0.8597017,0.14029826
0.8506516,0.14934844
0.9462161,0.05378392
0.8656006,0.13439946
0.95040303,0.049596954
0.9064475,0.093552455
0.9295778,0.07042216
0.75291055,0.24708942
0.7720174,0.22798254
0.76578724,0.23421274
0.4252001,0.5747999
0.65132654,0.3486735
0.04503615,0.95496386
0.4327597,0.5672403
0.03103734,0.9689626
0.565057,0.434943
0.55524534,0.44475463
0.030318882,0.96968114
0.019268911,0.9807311
0.028792268,0.9712078
0.024772972,0.975227
0.06885433,0.9311456
0.030627264,0.9693728
0.03463631,0.9653637
0.11612531,0.88387465
0.0905768,0.90942323
0.076990835,0.92300916
0.0007629687,0.99923706
0.004807795,0.99519217
0.02070469,0.97929525
0.26828885,0.7317112
0.1667737,0.83322626
0.011516033,0.98848397
0.060481492,0.93951845
0.0036866267,0.9963134
0.16717596,0.832824
0.001157278,0.9988427
0.08797732,0.9120227
0.00093208527,0.99906796
0.10529125,0.8947087
0.1489842,0.85101575
0.14375125,0.85624874
0.08720713,0.9127929
0.3091444,0.6908556
0.028756654,0.9712433
0.09360301,0.906397
0.105756104,0.8942439
0.10861154,0.8913885
0.0038178999,0.996182
0.0034813955,0.9965186
0.002106437,0.99789363
0.010803589,0.9891964
0.0055562346,0.99444383
0.012698666,0.98730135
0.01277698,0.987223
0.0061881794,0.99381185
0.0013962514,0.99860376
0.0021839382,0.9978161
0.00034276024,0.9996573
0.0024235237,0.99757653
0.9874402,0.01255978
0.99915755,0.0008424786
0.9946444,0.005355597
0.99975497,0.00024505152
0.9992373,0.0007626728
0.9995753,0.00042468312
0.999244,0.00075604586
0.99934655,0.0006533819
0.9987399,0.0012601101
0.9995358,0.00046421748
0.99968326,0.00031676196
0.99932337,0.0006766246
0.9715807,0.028419375
0.99944896,0.0005510151
0.9985409,0.0014591619
0.9997409,0.00025904115
0.9993001,0.0006999237
0.999653,0.00034704845
0.9988049,0.0011951012
0.9996481,0.00035192742
0.9986327,0.0013672482
0.99889,0.0011100762
0.9889832,0.011016807
0.99120647,0.0087935105
0.98806816,0.01193178
0.99003136,0.009968656
0.9801722,0.019827778
0.9836495,0.016350502
0.97973925,0.020260725
0.99442697,0.0055730264
0.98497885,0.015021168
0.9932079,0.006792084
0.92456484,0.07543516
0.96600026,0.033999752
0.9652204,0.034779586
0.976933,0.023066977
0.97082144,0.029178508
0.94965374,0.050346177
0.9606304,0.039369542
0.8795329,0.12046719
0.963472,0.03652802
0.96544915,0.034550842
0.9745198,0.025480157
0.7072752,0.29272482
0.91328233,0.08671768
0.7395539,0.26044607
0.81188846,0.18811148
0.71113104,0.28886896
0.94892305,0.051076934
0.784352,0.21564795
0.73954207,0.26045787
0.7222264,0.27777362
0.46282795,0.5371721
0.67373526,0.3262648
0.74853265,0.2514673
0.7376712,0.2623288
0.7870572,0.21294278
0.72122425,0.2787758
0.7379283,0.2620717
0.83433115,0.16566886
0.79689956,0.20310044
0.7330702,0.26692984
0.756203,0.24379702
0.5493696,0.45063043
0.6700269,0.32997307
0.42235878,0.57764125
0.62859577,0.3714042
0.22602458,0.77397543
0.49087054,0.50912946
0.45603582,0.54396415
0.07364794,0.9263521
0.15650344,0.84349656
0.096021004,0.903979
0.07480605,0.92519397
0.13578156,0.8642184
0.07173103,0.92826897
0.08388548,0.91611457
0.012266746,0.98773324
0.052943017,0.94705695
0.06978886,0.9302112
0.000595478,0.99940455
0.0018045986,0.99819547
0.0007344875,0.9992655
0.0015643099,0.9984357
0.002427212,0.99757284
0.0022171186,0.9977829
0.0015829734,0.998417
0.004885728,0.9951142
0.00075477676,0.9992453
0.0043029864,0.995697
0.00081534625,0.99918467
0.001631291,0.9983687
0.00070242706,0.9992975
0.0006576471,0.9993424
0.0009111211,0.9990889
0.00045799647,0.999542
0.050336193,0.94966376
0.027503913,0.97249603
0.29984787,0.7001521
0.25032339,0.74967664
0.39295584,0.6070441
0.20466839,0.7953316
0.034873683,0.96512634
0.084575266,0.9154247
0.018304527,0.9816954
0.034419633,0.9655804
0.07499907,0.92500097
0.0013465111,0.9986534
0.0025159183,0.9974841
0.00278904,0.9972109
0.06545598,0.93454397
0.0027910538,0.9972089
0.0027110865,0.99728894
0.99937785,0.0006221754
0.99977976,0.0002202711
0.99975353,0.00024646113
0.9993243,0.0006757173
0.9994992,0.00050078717
0.9997713,0.0002286723
0.999622,0.00037804677
0.9997372,0.00026276466
0.99977034,0.00022961701
0.9996699,0.00033005295
0.99962616,0.0003738309
0.99974865,0.00025135378
0.9993469,0.00065311923
0.9997658,0.00023423185
0.99983466,0.00016529382
0.9998672,0.00013283786
0.99969125,0.00030877994
0.99981683,0.00018319077
0.9998265,0.0001735511
0.99973303,0.00026700992
0.9997305,0.00026945272
0.9995937,0.00040638307
0.9990964,0.0009035798
0.99920964,0.000790349
0.99784315,0.0021568576
0.99847764,0.0015223272
0.99526286,0.004737145
0.9983229,0.0016770461
0.99605703,0.00394299
0.9976913,0.0023087296
0.998072,0.0019279417
0.99682814,0.0031718353
0.9955481,0.004451925
0.99195963,0.0080403155
0.98206294,0.01793709
0.9494672,0.050532848
0.962613,0.03738704
0.9347876,0.06521237
0.9496642,0.050335847
0.95126706,0.048732907
0.94748473,0.052515343
0.920851,0.07914907
0.7709101,0.22908992
0.8728725,0.12712757
0.7253199,0.2746801
0.9454731,0.054526884
0.6463171,0.35368288
0.9489931,0.051006902
0.7773807,0.22261931
0.85740346,0.14259654
0.78929704,0.210703
0.76243174,0.23756821
0.7994149,0.20058516
0.8661901,0.13380998
0.8297246,0.1702754
0.6654734,0.3345266
0.7425079,0.25749215
0.6187543,0.38124567
0.7372029,0.26279718
0.36901638,0.63098365
0.5097547,0.4902453
0.3950799,0.6049201
0.53558,0.46442002
0.5056207,0.49437925
0.34107366,0.6589263
0.46281117,0.53718877
0.09161239,0.9083876
0.46373296,0.53626704
0.21389364,0.7861064
0.29755682,0.7024432
0.054831725,0.9451683
0.08635617,0.91364384
0.01122328,0.98877674
0.016213821,0.98378617
0.07910921,0.9208908
0.14076652,0.8592335
0.010997331,0.9890027
0.04563867,0.9543613
0.008917004,0.991083
0.039209403,0.9607906
0.006168618,0.9938314
0.2801837,0.71981627
0.12889151,0.8711085
0.07163549,0.9283645
0.0022611376,0.99773884
0.004615724,0.9953843
0.0031546315,0.9968453
0.08713847,0.9128616
0.003072637,0.9969273
0.001187056,0.9988129
0.007360417,0.99263966
0.12522203,0.874778
0.0025207286,0.99747926
0.098782204,0.90121776
0.00031720652,0.9996828
0.10215386,0.89784616
0.0008935933,0.99910635
0.20921928,0.7907807
0.023783328,0.9762166
0.23120575,0.7687943
0.054018233,0.9459818
0.12649406,0.87350595
0.049555413,0.95044464
0.11553694,0.884463
0.17909376,0.8209063
0.07903101,0.92096895
0.18486242,0.8151376
0.09388492,0.9061151
0.10394956,0.8960504
0.18497856,0.8150214
0.11691817,0.88308185
0.1340309,0.8659691
0.028207377,0.9717926
0.9995165,0.00048346617
0.99836665,0.0016333534
0.99877495,0.0012250037
0.99757606,0.0024239083
0.99952006,0.00047997985
0.9997212,0.0002787848
0.999746,0.00025391832
0.99970335,0.00029662912
0.9996252,0.00037473097
0.9997621,0.00023789461
0.9995683,0.00043172302
0.99965596,0.0003440828
0.9998627,0.00013732818
0.99974495,0.0002549972
0.9997485,0.00025151126
0.9997471,0.00025292285
0.9998429,0.00015711595
0.99982005,0.00017994236
0.9997799,0.00022009118
0.99977964,0.00022042848
0.99981743,0.00018258671
0.9996573,0.0003427127
0.99966943,0.0003305656
0.9984232,0.0015767546
0.9991339,0.00086613576
0.9982754,0.0017245435
0.9976675,0.0023324245
0.9990952,0.0009047579
0.998637,0.0013629631
0.99803823,0.0019617453
0.9990025,0.0009974816
0.998591,0.0014089852
0.9984968,0.0015032708
0.99495465,0.005045333
0.9720339,0.027966116
0.9813129,0.018687118
0.97487926,0.025120787
0.98132986,0.018670144
0.9736921,0.026307816
0.9877437,0.012256351
0.9591393,0.04086072
0.9809818,0.019018138
0.91799116,0.082008824
0.99518895,0.0048109824
0.95833147,0.041668482
0.9554014,0.04459853
0.91449165,0.08550833
0.9388538,0.06114615
0.8688671,0.13113292
0.9095083,0.09049174
0.80236185,0.19763815
0.7401643,0.25983572
0.905789,0.09421095
0.84757215,0.15242788
0.75885963,0.24114041
0.722287,0.27771297
0.6700145,0.32998553
0.37409952,0.6259005
0.020207442,0.9797926
0.0035276716,0.99647236
0.004349835,0.99565023
0.22954333,0.77045673
0.10073631,0.89926374
0.05327995,0.94672006
0.5551553,0.44484475
0.39984104,0.600159
0.55708706,0.4429129
0.4911833,0.50881666
0.46648136,0.5335187
0.027444026,0.97255594
0.29945645,0.7005435
0.2606549,0.7393451
0.028536731,0.9714633
0.11819599,0.88180405
0.16244584,0.83755416
0.33649075,0.66350925
0.32113126,0.6788688
0.068418145,0.9315819
0.14055419,0.8594458
0.16671325,0.83328676
0.26143014,0.7385698
0.1833434,0.8166566
0.24748966,0.75251037
0.29048413,0.7095159
0.2551851,0.7448149
0.08250208,0.9174979
0.04606441,0.95393556
0.21547905,0.784521
0.14235903,0.857641
0.16942722,0.8305728
0.3313771,0.6686229
0.27860674,0.7213933
0.4875781,0.5124219
0.40234956,0.59765047
0.44,0.56
0.54192823,0.4580718
0.52684027,0.47315976
0.5190923,0.48090768
0.24821866,0.75178134
0.26173982,0.73826015
0.11431722,0.88568276
0.3776155,0.6223845
0.12954104,0.87045896
0.12842232,0.87157774
0.16366553,0.83633447
0.18170232,0.81829774
0.21020393,0.78979605
0.119068824,0.88093114
0.14860606,0.85139394
0.5825096,0.41749042
0.1456137,0.85438627
0.20222804,0.79777193
0.12384428,0.8761558
0.12760408,0.872396
0.08555531,0.9144447
0.9980286,0.0019713982
0.99973816,0.00026179512
0.99200237,0.00799762
0.99953806,0.0004619102
0.9989267,0.0010733135
0.99976665,0.00023339273
0.99973744,0.00026257057
0.99953234,0.00046764713
0.9998153,0.00018475461
0.9998622,0.0001378225
0.9998184,0.00018168574
0.99988365,0.00011635102
0.9997454,0.00025451308
0.9997795,0.00022049637
0.9998808,0.000119150645
0.9998714,0.00012860254
0.99990344,9.6530785e-05
0.9997216,0.00027836437
0.99982774,0.00017217282
0.9992212,0.0007787803
0.9997334,0.00026661053
0.99923694,0.00076308433
0.99916553,0.0008344284
0.9992811,0.0007188925
0.9979657,0.0020343096
0.9990489,0.0009511346
0.9987594,0.0012406057
0.99846053,0.0015394842
0.9992112,0.00078880315
0.99375254,0.0062474823
0.99844897,0.0015509925
0.9987577,0.0012422362
0.9986431,0.001356861
0.99783933,0.0021606674
0.98020536,0.019794691
0.9904902,0.009509844
0.9830466,0.01695343
0.9905454,0.009454617
0.9920196,0.007980426
0.9904308,0.009569237
0.9770921,0.022907881
0.9631657,0.036834314
0.99004036,0.009959609
0.8669052,0.1330948
0.8921352,0.1078648
0.75402594,0.245974
0.86538565,0.13461432
0.8065751,0.19342488
0.8231179,0.17688207
0.71325123,0.28674874
0.7788243,0.22117567
0.38843325,0.6115668
0.5802056,0.41979435
0.5576133,0.4423867
0.4772441,0.5227559
0.35858247,0.64141756
0.5640499,0.43595007
0.052921873,0.9470781
0.008525012,0.991475
0.0019464412,0.99805355
0.01082047,0.9891795
0.005952096,0.9940479
0.079131596,0.92086834
0.16479027,0.8352098
0.3530794,0.6469206
0.38250086,0.6174992
0.6912688,0.30873117
0.2751049,0.7248951
0.26231965,0.7376803
0.29755175,0.70244825
0.027736325,0.97226363
0.022736419,0.9772636
0.10896678,0.8910332
0.056264494,0.9437355
0.30865553,0.6913445
0.1350207,0.86497927
0.14090545,0.85909456
0.02681327,0.97318673
0.11875991,0.88124007
0.21341494,0.7865851
0.12895082,0.8710492
0.12086187,0.8791382
0.31900594,0.68099403
0.44652283,0.5534772
0.33373633,0.6662637
0.4880734,0.5119266
0.26291615,0.73708385
0.30515152,0.6948485
0.19263516,0.8073649
0.040343538,0.95965654
0.0074786735,0.99252135
0.030096913,0.96990305
0.07267371,0.9273263
0.05977239,0.94022757
0.363021,0.63697904
0.14674635,0.85325366
0.4756045,0.5243955
0.09534416,0.9046559
0.43641198,0.563588
0.40655214,0.5934479
0.38916123,0.6108388
0.59478545,0.40521458
0.24962227,0.7503778
0.64348716,0.3565128
0.14622752,0.85377246
0.5088296,0.49117044
0.540093,0.45990703
0.46074396,0.539256
0.15755522,0.84244484
0.09347013,0.9065299
0.15509509,0.8449049
0.14636788,0.85363215
0.13305722,0.8669428
0.99975365,0.00024632912
0.9995654,0.0004345464
0.9996599,0.00034014258
0.9996754,0.0003246088
0.9996846,0.00031544053
0.99963593,0.0003640472
0.9997688,0.00023117139
0.9996166,0.00038335702
0.99974614,0.00025379486
0.9997793,0.0002206743
0.9997991,0.00020091812
0.9997359,0.0002640487
0.9998203,0.0001797095
0.99949944,0.0005005355
0.9996138,0.00038625504
0.9872255,0.0127745075
0.99953246,0.00046754885
0.99969375,0.00030628018
0.99970275,0.0002971652
0.99955934,0.0004406529
0.99971265,0.00028737503
0.9994061,0.00059386203
0.99951124,0.00048876315
0.9993555,0.0006444971
0.99946076,0.00053926033
0.9998348,0.0001652089
0.9991136,0.0008863291
0.9997495,0.00025053622
0.99061894,0.009380977
0.9992003,0.0007997379
0.9989743,0.0010257346
0.99935895,0.0006410573
0.99878556,0.0012144216
0.99739933,0.002600713
0.98119444,0.018805522
0.98912185,0.010878161
0.99385947,0.006140515
0.9912662,0.0087337885
0.9891101,0.010889963
0.9899609,0.01003909
0.9917242,0.008275851
0.99870026,0.0012996967
0.98822534,0.011774635
0.95401436,0.045985673
0.95680034,0.043199655
0.9511735,0.048826497
0.8322539,0.16774619
0.7646596,0.23534037
0.2830421,0.71695787
0.008452123,0.9915479
0.11065006,0.8893499
0.014896928,0.9851031
0.60029536,0.39970466
0.10461783,0.89538217
0.4544881,0.5455119
0.051283322,0.9487167
0.58324355,0.41675645
0.2723808,0.7276192
0.0037938103,0.99620616
0.09619907,0.9038009
0.016381674,0.9836183
0.0029454415,0.9970546
0.002706758,0.9972932
0.0073842146,0.9926158
0.12935409,0.8706459
0.014754078,0.9852459
0.14657429,0.8534257
0.07001803,0.9299819
0.21960287,0.7803971
0.052881412,0.9471185
0.492946,0.507054
0.36014333,0.6398567
0.08558119,0.91441876
0.13160989,0.8683901
0.101632126,0.8983679
0.20423077,0.7957693
0.20006382,0.79993623
0.2222514,0.7777486
0.31743494,0.6825651
0.6360203,0.36397973
0.27794638,0.7220536
0.49437872,0.50562125
0.24600507,0.7539949
0.391453,0.608547
0.52797353,0.47202653
0.5226531,0.4773469
0.63765675,0.36234328
0.4836538,0.51634616
0.19480371,0.8051963
0.083755575,0.91624445
0.02341548,0.9765845
0.18738775,0.8126123
0.014938851,0.9850611
0.5859856,0.41401443
0.023248853,0.9767511
0.24187131,0.75812864
0.25086024,0.7491398
0.43484345,0.5651565
0.31930268,0.6806973
0.6388861,0.36111385
0.60372347,0.39627656
0.67820007,0.3217999
0.6383173,0.3616827
0.6399031,0.3600969
0.6423373,0.35766265
0.65192914,0.34807083
0.58901113,0.41098887
0.54991186,0.4500882
0.42738926,0.57261074
0.5355215,0.4644785
0.32243112,0.6775689
0.9995709,0.00042912664
0.99949765,0.000502364
0.9994419,0.0005580343
0.99961215,0.00038784606
0.9996991,0.00030089106
0.9997197,0.00028029757
0.9997168,0.0002831565
0.9996842,0.00031578593
0.9998049,0.00019512787
0.9997768,0.00022328072
0.99973136,0.0002686657
0.99975175,0.00024829
0.9996674,0.00033256336
0.9992355,0.000764457
0.9984055,0.0015945391
0.99924517,0.0007548408
0.98957497,0.010425032
0.9979578,0.0020421185
0.99950516,0.0004947949
0.9994066,0.0005934188
0.9994937,0.0005062688
0.9995352,0.0004647623
0.99911505,0.0008849866
0.9996427,0.0003572706
0.9994966,0.0005033648
0.9997061,0.0002938288
0.99977213,0.00022781966
0.99971586,0.00028415254
0.9996997,0.0003003339
0.99933296,0.0006670334
0.9996051,0.0003948823
0.99937683,0.000623236
0.99889165,0.001108415
0.99907136,0.0009286583
0.9912102,0.008789804
0.9906226,0.009377439
0.9920439,0.007956159
0.96483094,0.035169087
0.9795147,0.020485308
0.9911753,0.008824687
0.9822374,0.017762627
0.9892408,0.0107591925
0.9297033,0.07029665
0.9618514,0.03814857
0.7668623,0.23313777
0.7506455,0.24935442
0.73979944,0.26020053
0.2906716,0.7093284
0.630746,0.36925402
0.0042164605,0.99578357
0.17922574,0.8207743
0.0072676507,0.99273235
0.0011328064,0.9988673
0.012956709,0.9870433
0.00045687347,0.9995432
0.063490815,0.9365092
0.5777264,0.42227358
0.5443096,0.45569035
0.6361398,0.36386016
0.5774963,0.42250368
0.5697951,0.43020493
0.01722204,0.9827779
0.2170357,0.78296435
0.080861546,0.91913843
0.23863596,0.76136404
0.010368676,0.98963135
0.16171263,0.8382874
0.114327766,0.8856722
0.16427556,0.8357244
0.100404404,0.89959556
0.3793773,0.6206227
0.4267615,0.5732385
0.35788786,0.64211214
0.31927845,0.6807216
0.32248086,0.6775191
0.31770527,0.6822947
0.47078347,0.5292165
0.4288101,0.5711899
0.07357818,0.9264218
0.47705606,0.5229439
0.51698136,0.4830186
0.061964665,0.9380353
0.042674027,0.95732594
0.12524214,0.8747579
0.029097183,0.9709028
0.13561542,0.8643846
0.080163375,0.9198366
0.46037304,0.53962696
0.38935646,0.6106435
0.3371158,0.6628842
0.18552831,0.81447166
0.49588597,0.50411403
0.32709327,0.6729067
0.1419526,0.8580474
0.10677293,0.89322704
0.035054307,0.96494573
0.24753179,0.75246817
0.3529938,0.6470062
0.6046065,0.3953935
0.67212343,0.32787657
0.22215232,0.77784765
0.6799655,0.3200345
0.61404866,0.38595137
0.69089085,0.30910918
0.49146137,0.5085386
0.67129135,0.32870865
0.644503,0.355497
0.60965425,0.3903458
0.9995989,0.00040104325
0.99956053,0.00043949028
0.9994481,0.00055187027
0.99944395,0.00055609
0.9991935,0.00080654316
0.99968886,0.00031112027
0.99974865,0.00025135785
0.9996283,0.00037165955
0.99975795,0.0002420726
0.9996747,0.0003253406
0.9997223,0.00027765956
0.9997793,0.00022078164
0.9992091,0.00079094875
0.99983776,0.00016220302
0.9997147,0.00028525916
0.99966776,0.00033218722
0.9984864,0.0015136157
0.99977344,0.00022656503
0.99954045,0.00045959651
0.9998529,0.00014712127
0.9998068,0.00019318979
0.9998797,0.00012024065
0.99981266,0.00018734207
0.99980325,0.00019682513
0.9979876,0.0020123338
0.99972886,0.00027109258
0.99949086,0.0005091085
0.9996444,0.000355642
0.9994282,0.0005717743
0.999385,0.00061497116
0.99909365,0.00090631313
0.99900264,0.0009973648
0.999203,0.0007970053
0.9979873,0.0020127518
0.99717134,0.0028286858
0.99249285,0.0075071594
0.90400213,0.09599784
0.84944385,0.1505561
0.9801925,0.019807473
0.91610694,0.08389302
0.98249704,0.017502965
0.9415459,0.05845408
0.97102314,0.028976874
0.82233626,0.17766373
0.7201247,0.27987528
0.77626276,0.22373728
0.641017,0.358983
0.2506155,0.74938446
0.2631059,0.73689413
0.018403571,0.9815964
0.0066197277,0.9933803
0.001540073,0.99845994
0.009779866,0.9902201
0.0011737915,0.9988262
0.0017228008,0.9982772
5.327203e-05,0.9999467
0.00042265974,0.99957734
0.0088544795,0.99114555
0.00040734923,0.9995927
0.05747966,0.9425203
0.0009616626,0.99903834
0.0035975524,0.9964025
0.0004605089,0.9995395
0.0033525354,0.9966474
0.018157804,0.98184216
0.14182822,0.8581717
0.33078727,0.66921276
0.055330284,0.94466966
0.16950631,0.83049375
0.3128857,0.68711436
0.261436,0.738564
0.51576626,0.4842337
0.27872592,0.7212741
0.22189775,0.7781022
0.053331353,0.9466687
0.10866701,0.89133304
0.044896785,0.95510316
0.34338006,0.6566199
0.0811292,0.9188708
0.25191677,0.74808323
0.09158024,0.9084198
0.084971905,0.9150281
0.11149833,0.88850164
0.037508786,0.9624913
0.01526277,0.9847372
0.046532143,0.95346785
0.011288941,0.98871106
0.07897772,0.92102224
0.042657092,0.9573429
0.33718765,0.6628124
0.25981322,0.7401868
0.24516243,0.7548376
0.019262996,0.980737
0.42223218,0.5777678
0.53240573,0.46759427
0.40073752,0.5992625
0.37049747,0.6295025
0.26582822,0.7341718
0.32083544,0.6791646
0.4962831,0.5037169
0.33649895,0.6635011
0.5420701,0.4579299
0.4795415,0.5204585
0.44695792,0.5530421
0.9994766,0.0005234533
0.999724,0.00027601313
0.9997671,0.00023285749
0.9998023,0.00019774442
0.9997799,0.00022015018
0.99936754,0.00063243276
0.99981266,0.00018733012
0.99993646,6.350268e-05
0.9997975,0.00020254095
0.9998536,0.00014640029
0.9996449,0.00035515783
0.9994468,0.00055315334
0.99973387,0.00026617775
0.9999021,9.7903816e-05
0.99973243,0.00026750524
0.99978906,0.00021098544
0.999785,0.00021497646
0.99962556,0.00037438102
0.9998024,0.00019758496
0.9994486,0.000551376
0.99982196,0.00017804367
0.9998185,0.00018158148
0.9997793,0.00022071131
0.9998646,0.00013542274
0.9998512,0.00014877434
0.9998797,0.000120239274
0.9997923,0.00020773646
0.9996704,0.00032958383
0.9996836,0.00031640765
0.99946445,0.0005355799
0.9990977,0.00090234994
0.9988887,0.0011113702
0.99827564,0.00172434
0.99557495,0.004425022
0.9881727,0.011827261
0.97282535,0.02717464
0.9930351,0.00696493
0.9842323,0.015767688
0.9783196,0.021680431
0.991037,0.0089630205
0.89677227,0.1032277
0.8237525,0.17624749
0.8632591,0.13674095
0.68327534,0.31672466
0.70881885,0.29118115
0.666834,0.33316594
0.569583,0.43041703
0.6110262,0.38897374
0.42529088,0.5747091
0.6132324,0.3867676
0.004335201,0.9956648
0.01352539,0.9864746
0.058267202,0.94173276
0.007891399,0.99210864
0.0714574,0.9285426
0.021120088,0.97887987
0.045829915,0.95417005
0.0026186947,0.99738127
0.0040179337,0.99598205
0.0009055272,0.9990945
0.0041168053,0.9958832
0.0009701776,0.9990299
0.44537762,0.55462235
0.3560794,0.64392066
0.21269384,0.78730613
0.032429483,0.9675705
0.0024900602,0.99750996
0.010341126,0.9896589
0.010311925,0.9896881
0.08173058,0.91826946
0.013936903,0.98606306
0.39279166,0.6072084
0.115585834,0.88441414
0.2421969,0.75780314
0.008750618,0.9912493
0.018578697,0.9814213
0.05212151,0.9478785
0.07287743,0.9271226
0.08833666,0.9116633
0.03949485,0.9605051
0.109268285,0.8907317
0.074931145,0.9250689
0.071008936,0.928991
0.16206847,0.8379315
0.043589804,0.9564102
0.03617738,0.9638226
0.041248024,0.958752
0.15809357,0.8419065
0.11673244,0.8832675
0.120850675,0.8791493
0.075243525,0.9247564
0.038518272,0.96148175
0.33843285,0.66156715
0.25209263,0.7479074
0.2510097,0.74899036
0.42552128,0.5744787
0.38583663,0.61416334
0.17154014,0.8284599
0.9998049,0.00019514836
0.99951804,0.0004819303
0.99980205,0.0001979087
0.99971014,0.0002898067
0.9998628,0.00013719572
0.99974674,0.00025321043
0.99978906,0.00021095907
0.9990133,0.0009866998
0.99984,0.00015996133
0.9997198,0.000280192
0.99970204,0.00029791897
0.9997018,0.0002981267
0.99914217,0.0008578296
0.9997191,0.00028089734
0.9995653,0.00043469574
0.9995931,0.00040698124
0.9997069,0.00029300692
0.9996593,0.00034074756
0.99972767,0.00027236357
0.99979514,0.00020490646
0.99956197,0.00043800383
0.99976605,0.00023397336
0.9997727,0.000227253
0.9997429,0.00025707728
0.9662879,0.03371214
0.99960965,0.00039042538
0.9449191,0.05508096
0.99927133,0.00072870153
0.99869114,0.0013089223
0.99815243,0.001847572
0.9979085,0.0020915843
0.9964804,0.0035196755
0.9962069,0.003793158
0.9954289,0.004571113
0.9923999,0.0076002027
0.9483542,0.051645808
0.9825891,0.017410852
0.8825944,0.11740563
0.8465535,0.1534465
0.73661065,0.26338938
0.78215957,0.21784048
0.6841751,0.31582493
0.6517492,0.34825075
0.6739153,0.3260847
0.44447455,0.5555254
0.081627235,0.9183728
0.13568553,0.8643145
0.0019251782,0.99807477
0.08719237,0.91280764
0.0039088987,0.99609107
0.041119315,0.9588806
0.0736096,0.9263904
0.0008810053,0.999119
0.30890906,0.69109094
0.004379537,0.9956204
0.06979704,0.930203
0.24793902,0.75206095
0.29453745,0.7054626
0.22073205,0.77926797
0.049348734,0.9506513
0.30058843,0.6994116
0.15458123,0.8454188
0.083908446,0.9160915
0.22022328,0.77977675
0.08605878,0.91394126
0.11215208,0.8878479
0.010314933,0.98968506
0.02498605,0.975014
0.010042035,0.989958
0.15429115,0.84570885
0.008323619,0.99167633
0.040037084,0.9599629
0.0064685233,0.9935315
0.21563195,0.7843681
0.16560681,0.8343932
0.22463433,0.77536565
0.09122247,0.90877753
0.030773401,0.9692266
0.029944004,0.97005606
0.038493294,0.9615068
0.30647585,0.6935242
0.5313284,0.4686716
0.2086135,0.7913865
0.30647147,0.69352853
0.21959923,0.7804008
0.2969325,0.70306754
0.118397444,0.8816026
0.3376555,0.6623445
0.30879557,0.6912045
0.31177014,0.68822986
0.00020267234,0.9997974
0.9997737,0.0002263176
0.9997862,0.00021387411
0.99983275,0.00016721673
0.99989736,0.00010266976
0.9998087,0.0001912598
0.9997272,0.0002728306
0.99964523,0.00035470253
0.99958414,0.00041583093
0.99956566,0.00043429623
0.9998958,0.000104142
0.9999008,9.9152916e-05
0.9998223,0.00017774006
0.99983907,0.0001609428
0.99973315,0.00026685317
0.99969864,0.00030136877
0.9996635,0.00033648926
0.9996315,0.00036845842
0.99948525,0.00051467126
0.99957126,0.0004286785
0.9995241,0.0004759237
0.99937063,0.00062938296
0.9997956,0.00020441665
0.9994553,0.0005447387
0.99949694,0.0005030181
0.9996234,0.00037650776
0.9994312,0.00056880113
0.999549,0.00045104037
0.9995747,0.00042533097
0.92640007,0.073599905
0.9924074,0.007592654
0.99662966,0.0033703665
0.9979475,0.0020525362
0.9989404,0.0010596507
0.9942842,0.0057157273
0.99596596,0.00403406
0.9949981,0.0050019524
0.9879702,0.012029818
0.986608,0.013391987
0.8727031,0.1272969
0.9882405,0.011759598
0.8565613,0.1434387
0.69588774,0.30411223
0.76292974,0.2370702
0.7986467,0.20135325
0.7968982,0.20310183
0.6536991,0.34630087
0.67677504,0.3232249
0.4252518,0.5747482
0.001175106,0.9988249
0.006396925,0.99360305
0.003157578,0.9968424
0.026173048,0.973827
0.009303581,0.99069643
0.038630407,0.9613696
0.013851619,0.98614836
0.045249123,0.95475084
0.050402407,0.94959754
0.0020530908,0.9979469
0.21879359,0.78120637
0.009593038,0.99040693
0.1391539,0.8608461
0.112035565,0.8879644
0.3541137,0.6458863
0.36420175,0.6357983
0.31230992,0.6876901
0.3447414,0.65525866
0.18206415,0.8179359
0.3314942,0.6685057
0.23321818,0.7667818
0.41786394,0.5821361
0.068374716,0.93162525
0.13246803,0.86753196
0.057659365,0.9423406
0.015534341,0.98446566
0.019710198,0.98028976
0.0032337445,0.9967662
0.082376674,0.91762334
0.10387424,0.89612573
0.040816844,0.95918316
0.024533499,0.9754665
0.021333644,0.9786663
0.019085305,0.9809147
0.14475742,0.85524255
0.08988783,0.9101122
0.19077812,0.80922186
0.43309096,0.566909
0.14200604,0.85799396
0.37684926,0.62315077
0.18107954,0.8189205
0.2953461,0.7046539
0.99987316,0.00012678333
0.99991524,8.473635e-05
0.9998784,0.0001215493
0.9998078,0.00019228029
0.999708,0.00029202085
0.9990096,0.0009903125
0.9997918,0.00020824534
0.99984765,0.00015237016
0.9998493,0.0001506632
0.99974734,0.00025267986
0.9995763,0.00042376094
0.99976176,0.00023827281
0.9996923,0.00030768264
0.99912864,0.00087136775
0.9992279,0.00077217026
0.9993625,0.0006374254
0.9994301,0.00056980737
0.9996841,0.00031586844
0.999739,0.00026100213
0.99966896,0.00033100584
0.99967766,0.00032236887
0.99983,0.00016996183
0.99964356,0.00035641735
0.9990023,0.0009977606
0.9992391,0.00076087756
0.9970396,0.0029603646
0.9944522,0.00554777
0.99880004,0.001199933
0.9987006,0.0012993291
0.9988049,0.0011951063
0.998565,0.0014349567
0.99425876,0.0057412763
0.9954913,0.004508693
0.99254405,0.007456013
0.99226695,0.007733091
0.98843294,0.011567109
0.98628414,0.013715901
0.9850272,0.01497276
0.9888586,0.011141451
0.9832956,0.016704334
0.97855806,0.02144192
0.97623104,0.023768902
0.9670186,0.032981418
0.9599096,0.04009033
0.8514059,0.1485941
0.71852106,0.28147894
0.5833952,0.41660485
0.68854254,0.31145746
0.3222135,0.67778647
0.48519254,0.51480746
0.024000518,0.9759995
0.63315994,0.36684003
0.22243996,0.77756
0.43117422,0.5688258
0.10012296,0.8998771
0.0148610035,0.98513895
0.0139914965,0.98600847
0.059072997,0.940927
0.15781567,0.8421843
0.1556668,0.8443332
0.07426234,0.9257377
0.09289601,0.90710396
0.0077210246,0.99227893
0.10827161,0.89172846
0.16242574,0.8375743
0.0134178605,0.98658216
0.019202664,0.9807974
0.0886904,0.91130954
0.2632673,0.7367327
0.60728586,0.3927142
0.4459235,0.55407655
0.41195148,0.5880486
0.010503493,0.9894965
0.2582436,0.74175644
0.02733116,0.9726688
0.060780805,0.9392192
0.09387157,0.9061284
0.017271973,0.98272806
0.3803442,0.6196558
0.14278269,0.8572173
0.0381031,0.96189696
0.023835039,0.97616494
0.10253981,0.8974602
0.13243899,0.86756104
0.22468196,0.7753181
0.2871748,0.7128252
0.999752,0.00024799423
0.9998221,0.00017800413
0.9993783,0.00062168366
0.99970526,0.00029468755
0.9997663,0.00023369846
0.99988747,0.000112467
0.99979144,0.0002085589
0.99967,0.00032998878
0.9989801,0.0010198812
0.9985738,0.001426258
0.99964666,0.00035337106
0.99950004,0.0004999821
0.99925643,0.0007435044
0.99962413,0.00037582533
0.9997149,0.000285046
0.9995689,0.0004310702
0.99967813,0.00032182352
0.99977916,0.0002208981
0.9952148,0.004785238
0.99917895,0.00082108384
0.9957996,0.0042004227
0.9990802,0.0009197969
0.9994351,0.00056481845
0.99913126,0.0008687977
0.9995554,0.00044462024
0.9989268,0.0010731027
0.99864393,0.0013560375
0.9975178,0.0024821942
0.9940328,0.0059672375
0.99463296,0.005367052
0.9856668,0.0143332435
0.97973824,0.020261722
0.982205,0.017795011
0.91416496,0.08583506
0.9421199,0.057880085
0.9432275,0.056772523
0.9662643,0.033735693
0.9671254,0.03287457
0.99330443,0.0066955653
0.8879271,0.11207291
0.81334764,0.18665238
0.65887654,0.34112346
0.703214,0.29678598
0.57182914,0.4281708
0.65828526,0.3417147
0.50759697,0.49240303
0.16386105,0.836139
0.052977584,0.9470224
0.12249234,0.8775076
0.12657103,0.873429
0.008943042,0.9910569
0.020131867,0.9798681
0.080200724,0.91979927
0.0029883122,0.99701166
0.0046611284,0.9953389
0.04528444,0.95471555
0.0021863554,0.9978136
0.004522052,0.995478
0.0372908,0.9627092
0.0022949118,0.99770516
0.105483234,0.89451677
0.0065181097,0.9934818
0.59756196,0.402438
0.38655278,0.61344725
0.53509825,0.46490172
0.5825924,0.41740757
0.475045,0.52495503
0.41118717,0.5888128
0.3573431,0.64265686
0.26462567,0.73537433
0.09774184,0.90225816
0.1724312,0.82756877
0.18269056,0.81730944
0.19362825,0.80637175
0.3432566,0.65674335
0.14887801,0.85112196
0.32463294,0.675367
0.1354853,0.86451465
0.15562674,0.8443733
0.99971884,0.00028115266
0.9994469,0.0005530057
0.9991277,0.0008723081
0.9996278,0.00037211974
0.99960226,0.00039777183
0.99959916,0.00040080035
0.9997002,0.0002998927
0.9996582,0.0003418307
0.9997371,0.00026292176
0.99919087,0.0008090802
0.99963486,0.00036512694
0.9995648,0.00043513
0.9996654,0.00033462263
0.9996723,0.00032772365
0.9997594,0.00024062567
0.999602,0.0003979899
0.99939346,0.0006064828
0.9996418,0.00035816745
0.99847907,0.0015208856
0.9957274,0.004272612
0.99503577,0.004964204
0.993287,0.006713014
0.98905575,0.010944299
0.95739853,0.042601533
0.84923434,0.15076564
0.7133976,0.28660238
0.71484286,0.2851571
0.8098134,0.19018662
0.9687626,0.031237409
0.96681887,0.033181164
0.9831625,0.016837459
0.9776317,0.022368236
0.871626,0.12837397
0.8321993,0.16780072
0.6396679,0.360332
0.69011927,0.30988073
0.43197563,0.5680244
0.34011218,0.6598878
0.3781524,0.6218476
0.008750296,0.9912497
0.022258202,0.9777418
0.040588807,0.9594112
0.21052031,0.78947973
0.17898388,0.8210161
0.19870469,0.80129534
0.3205342,0.6794658
0.4259178,0.57408226
0.15378384,0.8462162
0.3027006,0.6972994
0.09146346,0.90853655
0.017255042,0.982745
0.30872408,0.69127595
0.01746989,0.98253006
0.48163563,0.51836437
0.24992695,0.7500731
0.6529094,0.3470906
0.58535755,0.41464248
0.6022293,0.3977707
0.6104057,0.38959432
0.49147832,0.5085217
0.47505492,0.5249451
0.52506495,0.474935
0.3674465,0.63255346
0.22084364,0.7791564
0.031363267,0.9686367
0.09594541,0.90405464
0.143722,0.856278
0.99938273,0.0006172145
0.9991178,0.00088219397
0.99916077,0.00083926716
0.9993967,0.00060335424
0.9992237,0.00077633664
0.99949133,0.0005085919
0.99923503,0.0007650057
0.99973255,0.00026740017
0.9980222,0.0019778174
0.9993893,0.00061075273
0.99929166,0.0007082846
0.9991972,0.00080285064
0.99885416,0.0011458166
0.998992,0.0010079747
0.99693835,0.0030616408
0.9854924,0.01450756
0.9914055,0.008594549
0.96508473,0.034915324
0.9647678,0.03523212
0.99195826,0.008041776
0.8108811,0.18911888
0.99010044,0.009899621
0.9213148,0.07868526
0.9647252,0.035274826
0.95579726,0.04420272
0.9751831,0.02481686
0.8792064,0.12079359
0.8782894,0.121710636
0.7653074,0.23469263
0.68778616,0.31221384
0.6844673,0.3155327
0.6223165,0.37768352
0.4095025,0.59049743
0.4759757,0.5240243
0.018744353,0.9812556
0.0597121,0.9402879
0.22787443,0.7721256
0.2812144,0.7187856
0.1521505,0.84784955
0.018656712,0.9813433
0.012074392,0.98792565
0.27448326,0.72551674
0.05135116,0.94864887
0.025578229,0.9744218
0.105232015,0.89476794
0.019892668,0.9801073
0.07692479,0.92307514
0.27079254,0.72920746
0.5437049,0.45629507
0.45145065,0.54854935
0.686335,0.3136649
0.5190113,0.48098865
0.6360531,0.36394694
0.3658772,0.63412285
0.25715044,0.7428496
0.31103957,0.6889604
0.519812,0.480188
0.2662088,0.7337912
0.09876341,0.90123665
0.99860865,0.00139136
0.9990381,0.00096191926
0.9982742,0.0017258379
0.99979657,0.00020341088
0.99969256,0.00030747094
0.99968374,0.0003162807
0.9994305,0.000569553
0.99929166,0.0007083282
0.9993062,0.0006938465
0.99951446,0.0004854972
0.9988011,0.0011989075
0.9980716,0.0019283638
0.99001676,0.009983217
0.9858601,0.0141398655
0.9968167,0.0031833125
0.9930988,0.006901253
0.9886828,0.011317175
0.9950113,0.0049886466
0.98152727,0.018472692
0.97000194,0.029998021
0.96356446,0.03643557
0.96994644,0.030053541
0.93591124,0.064088754
0.9921821,0.007817908
0.92085,0.07915007
0.74366885,0.2563311
0.8133515,0.18664855
0.54035914,0.4596408
0.4939984,0.5060016
0.20973738,0.79026264
0.63732105,0.36267892
0.44316533,0.5568347
0.24408245,0.75591755
0.035749067,0.9642509
0.15947132,0.84052867
0.0725049,0.9274951
0.06456562,0.9354344
0.009026582,0.9909734
0.03358676,0.96641326
0.049800605,0.95019937
0.08171344,0.9182865
0.06529407,0.9347059
0.014287958,0.9857121
0.14637132,0.85362864
0.2892564,0.7107436
0.32357037,0.6764296
0.04407881,0.9559212
0.28006724,0.71993273
0.0076542464,0.99234575
0.014141541,0.9858585
0.01623156,0.9837684
0.20302004,0.79697996
0.18783356,0.81216645
0.34960482,0.65039515
0.9999025,9.7484866e-05
0.99993086,6.908242e-05
0.9999043,9.574823e-05
0.9998783,0.00012174105
0.999699,0.00030100523
0.99990594,9.4031944e-05
0.9994072,0.00059283624
0.9996538,0.00034614964
0.9984492,0.0015507813
0.99897313,0.0010268571
0.9975752,0.0024248243
0.9965899,0.0034101075
0.98961735,0.010382729
0.9981515,0.0018485193
0.9969144,0.0030855425
0.99874,0.0012600453
0.9985092,0.0014907868
0.9977876,0.0022123766
0.9811613,0.01883871
0.9871272,0.012872749
0.971805,0.028195068
0.97654426,0.023455737
0.985832,0.014167996
0.9695655,0.03043447
0.9807091,0.01929093
0.93410766,0.06589238
0.86379653,0.1362035
0.8465284,0.15347156
0.86112326,0.1388768
0.78282386,0.21717615
0.6615203,0.3384797
0.60350263,0.39649734
0.62128973,0.3787103
0.5993768,0.4006232
0.18579775,0.8142022
0.33910087,0.66089916
0.19347571,0.8065243
0.13365407,0.8663459
0.055007543,0.9449924
0.19456719,0.80543286
0.10237766,0.8976223
0.34383792,0.6561621
0.024749866,0.9752501
0.050752234,0.9492478
0.18859106,0.8114089
0.09771921,0.90228075
0.16681847,0.8331815
0.019466596,0.98053336
0.048129193,0.9518708
0.036891155,0.9631089
0.02281522,0.97718483
0.024328314,0.9756717
0.01890205,0.98109794
0.9998281,0.00017187757
0.9998294,0.00017052039
0.99987864,0.000121315294
0.9999058,9.411357e-05
0.999925,7.5009e-05
0.99989593,0.00010404512
0.9998299,0.00017013647
0.9997625,0.00023754331
0.99937636,0.00062363583
0.999343,0.0006570197
0.99922013,0.00077985204
0.99824786,0.0017521123
0.99719197,0.0028080842
0.99926895,0.00073100085
0.9985441,0.0014558863
0.9994987,0.0005013021
0.99936134,0.00063869974
0.99971944,0.0002805355
0.9989723,0.0010277241
0.9998673,0.00013263128
0.9960316,0.0039683552
0.9911083,0.008891731
0.98977774,0.010222285
0.91048926,0.08951075
0.93122905,0.06877102
0.89350414,0.10649593
0.75090426,0.24909574
0.9471449,0.052855104
0.85871726,0.14128275
0.8511958,0.14880414
0.8972805,0.10271953
0.748007,0.251993
0.72320074,0.27679926
0.73368156,0.2663185
0.5824466,0.41755337
0.41770095,0.58229905
0.72424096,0.27575898
0.40905163,0.5909484
0.6011639,0.3988361
0.3607436,0.6392564
0.20036753,0.79963243
0.22704358,0.77295643
0.15529053,0.84470946
0.08911934,0.9108807
0.025380135,0.97461987
0.023201395,0.97679865
0.00658351,0.99341655
0.0060915025,0.9939085
0.00419864,0.9958014
0.9998752,0.00012483346
0.99991846,8.149631e-05
0.9999292,7.083611e-05
0.9999554,4.4594024e-05
0.999894,0.000105969615
0.9998203,0.00017971192
0.9997279,0.00027213542
0.99955064,0.00044932638
0.99912316,0.0008768966
0.9994393,0.0005606819
0.99900335,0.0009967017
0.99906224,0.0009377353
0.9994875,0.00051244395
0.99931765,0.0006823403
0.9996296,0.00037041836
0.99964094,0.00035903582
0.9998821,0.00011794147
0.99992776,7.2229544e-05
0.99995506,4.4929537e-05
0.99992955,7.042948e-05
0.999894,0.000105906765
0.99790657,0.002093412
0.998453,0.0015470146
0.99165595,0.0083440915
0.9887995,0.011200506
0.7909021,0.20909792
0.9474705,0.052529503
0.9021653,0.09783467
0.9927981,0.007201822
0.96420527,0.035794757
0.9943752,0.0056247553
0.8645438,0.13545614
0.9800147,0.01998531
0.85059977,0.14940026
0.9895783,0.010421672
0.60403615,0.3959638
0.7541203,0.24587972
0.75117016,0.24882986
0.85016656,0.14983341
0.63815534,0.36184463
0.74399036,0.25600964
0.30023646,0.69976354
0.39988133,0.60011864
0.114165805,0.8858342
0.99987745,0.0001225212
0.9997514,0.00024860597
0.99990714,9.289508e-05
0.9994149,0.00058504957
0.99946314,0.00053681
0.99955624,0.00044374942
0.99932396,0.0006760406
0.9995003,0.0004996653
0.99945873,0.00054122374
0.99989605,0.00010394694
0.9997137,0.00028631583
0.99993885,6.1123625e-05
0.99979836,0.00020166744
0.99995506,4.4932705e-05
0.99990153,9.844013e-05
0.9999577,4.233368e-05
0.99996984,3.0207977e-05
0.9999397,6.028673e-05
0.9999442,5.5792698e-05
0.99994636,5.3602856e-05
0.9999409,5.9149348e-05
0.9996487,0.00035132022
0.99801147,0.001988557
0.98958987,0.0104101375
0.9903025,0.009697485
0.97551847,0.024481604
0.9980908,0.0019092017
0.9956285,0.004371473
0.99880767,0.0011923255
0.997262,0.0027380122
0.9993499,0.00065007416
0.8688805,0.13111949
0.92852193,0.071478106
0.8489567,0.1510433
